-- phpMyAdmin SQL Dump
-- version 5.2.0
-- https://www.phpmyadmin.net/
--
-- Host: localhost:3306
-- Generation Time: May 14, 2022 at 12:02 PM
-- Server version: 10.6.7-MariaDB-log
-- PHP Version: 8.1.6

SET SQL_MODE = "NO_AUTO_VALUE_ON_ZERO";
START TRANSACTION;
SET time_zone = "+00:00";


/*!40101 SET @OLD_CHARACTER_SET_CLIENT=@@CHARACTER_SET_CLIENT */;
/*!40101 SET @OLD_CHARACTER_SET_RESULTS=@@CHARACTER_SET_RESULTS */;
/*!40101 SET @OLD_COLLATION_CONNECTION=@@COLLATION_CONNECTION */;
/*!40101 SET NAMES utf8mb4 */;

--
-- Database: `dota2_ai`
--

-- --------------------------------------------------------

--
-- Table structure for table `categories`
--

CREATE TABLE `categories` (
  `id` bigint(20) UNSIGNED NOT NULL,
  `name` varchar(255) COLLATE utf8mb4_unicode_ci NOT NULL,
  `slug` varchar(255) COLLATE utf8mb4_unicode_ci NOT NULL,
  `position` tinyint(4) NOT NULL,
  `created_at` timestamp NULL DEFAULT NULL,
  `updated_at` timestamp NULL DEFAULT NULL
) ENGINE=InnoDB DEFAULT CHARSET=utf8mb4 COLLATE=utf8mb4_unicode_ci;

--
-- Dumping data for table `categories`
--

INSERT INTO `categories` (`id`, `name`, `slug`, `position`, `created_at`, `updated_at`) VALUES
(1, 'Strength', 'strength', 1, '2022-04-12 14:04:22', '2022-04-12 14:04:22'),
(2, 'Agility', 'agility', 2, '2022-04-12 14:04:22', '2022-04-12 14:04:22'),
(3, 'Intelligence', 'intelligence', 3, '2022-04-12 14:05:46', '2022-04-12 14:05:46');

-- --------------------------------------------------------

--
-- Table structure for table `counter_items`
--

CREATE TABLE `counter_items` (
  `id` bigint(20) UNSIGNED NOT NULL,
  `hero_id` bigint(20) UNSIGNED NOT NULL,
  `counter_item_id` bigint(20) UNSIGNED NOT NULL,
  `created_at` timestamp NULL DEFAULT NULL,
  `updated_at` timestamp NULL DEFAULT NULL
) ENGINE=InnoDB DEFAULT CHARSET=utf8mb4 COLLATE=utf8mb4_unicode_ci;

-- --------------------------------------------------------

--
-- Table structure for table `counter_reasons`
--

CREATE TABLE `counter_reasons` (
  `id` bigint(20) UNSIGNED NOT NULL,
  `reasonable_type` varchar(255) COLLATE utf8mb4_unicode_ci NOT NULL,
  `reasonable_id` bigint(20) UNSIGNED NOT NULL,
  `description` text COLLATE utf8mb4_unicode_ci NOT NULL,
  `created_at` timestamp NULL DEFAULT NULL,
  `updated_at` timestamp NULL DEFAULT NULL
) ENGINE=InnoDB DEFAULT CHARSET=utf8mb4 COLLATE=utf8mb4_unicode_ci;

-- --------------------------------------------------------

--
-- Table structure for table `failed_jobs`
--

CREATE TABLE `failed_jobs` (
  `id` bigint(20) UNSIGNED NOT NULL,
  `uuid` varchar(255) COLLATE utf8mb4_unicode_ci NOT NULL,
  `connection` text COLLATE utf8mb4_unicode_ci NOT NULL,
  `queue` text COLLATE utf8mb4_unicode_ci NOT NULL,
  `payload` longtext COLLATE utf8mb4_unicode_ci NOT NULL,
  `exception` longtext COLLATE utf8mb4_unicode_ci NOT NULL,
  `failed_at` timestamp NOT NULL DEFAULT current_timestamp()
) ENGINE=InnoDB DEFAULT CHARSET=utf8mb4 COLLATE=utf8mb4_unicode_ci;

-- --------------------------------------------------------

--
-- Table structure for table `heroes`
--

CREATE TABLE `heroes` (
  `id` bigint(20) UNSIGNED NOT NULL,
  `name` varchar(255) COLLATE utf8mb4_unicode_ci NOT NULL,
  `link` varchar(255) COLLATE utf8mb4_unicode_ci NOT NULL,
  `category_id` bigint(20) UNSIGNED NOT NULL,
  `created_at` timestamp NULL DEFAULT NULL,
  `updated_at` timestamp NULL DEFAULT NULL
) ENGINE=InnoDB DEFAULT CHARSET=utf8mb4 COLLATE=utf8mb4_unicode_ci;

--
-- Dumping data for table `heroes`
--

INSERT INTO `heroes` (`id`, `name`, `link`, `category_id`, `created_at`, `updated_at`) VALUES
(1, 'Abaddon', 'https://dota2.fandom.com//wiki/Abaddon', 1, '2021-11-28 14:15:51', '2021-11-28 14:15:51'),
(2, 'Alchemist', 'https://dota2.fandom.com//wiki/Alchemist', 1, '2021-11-28 14:15:51', '2021-11-28 14:15:51'),
(3, 'Axe', 'https://dota2.fandom.com//wiki/Axe', 1, '2021-11-28 14:15:51', '2021-11-28 14:15:51'),
(4, 'Beastmaster', 'https://dota2.fandom.com//wiki/Beastmaster', 1, '2021-11-28 14:15:52', '2021-11-28 14:15:52'),
(5, 'Brewmaster', 'https://dota2.fandom.com//wiki/Brewmaster', 1, '2021-11-28 14:15:52', '2021-11-28 14:15:52'),
(6, 'Bristleback', 'https://dota2.fandom.com//wiki/Bristleback', 1, '2021-11-28 14:15:52', '2021-11-28 14:15:52'),
(7, 'Centaur Warrunner', 'https://dota2.fandom.com//wiki/Centaur_Warrunner', 1, '2021-11-28 14:15:52', '2021-11-28 14:15:52'),
(8, 'Chaos Knight', 'https://dota2.fandom.com//wiki/Chaos_Knight', 1, '2021-11-28 14:15:52', '2021-11-28 14:15:52'),
(9, 'Clockwerk', 'https://dota2.fandom.com//wiki/Clockwerk', 1, '2021-11-28 14:15:52', '2021-11-28 14:15:52'),
(10, 'Dawnbreaker', 'https://dota2.fandom.com//wiki/Dawnbreaker', 1, '2021-11-28 14:15:53', '2021-11-28 14:15:53'),
(11, 'Doom', 'https://dota2.fandom.com//wiki/Doom', 1, '2021-11-28 14:15:53', '2021-11-28 14:15:53'),
(12, 'Dragon Knight', 'https://dota2.fandom.com//wiki/Dragon_Knight', 1, '2021-11-28 14:15:53', '2021-11-28 14:15:53'),
(13, 'Earth Spirit', 'https://dota2.fandom.com//wiki/Earth_Spirit', 1, '2021-11-28 14:15:53', '2021-11-28 14:15:53'),
(14, 'Earthshaker', 'https://dota2.fandom.com//wiki/Earthshaker', 1, '2021-11-28 14:15:53', '2021-11-28 14:15:53'),
(15, 'Elder Titan', 'https://dota2.fandom.com//wiki/Elder_Titan', 1, '2021-11-28 14:15:53', '2021-11-28 14:15:53'),
(16, 'Huskar', 'https://dota2.fandom.com//wiki/Huskar', 1, '2021-11-28 14:15:54', '2021-11-28 14:15:54'),
(17, 'Io', 'https://dota2.fandom.com//wiki/Io', 1, '2021-11-28 14:15:54', '2021-11-28 14:15:54'),
(18, 'Kunkka', 'https://dota2.fandom.com//wiki/Kunkka', 1, '2021-11-28 14:15:54', '2021-11-28 14:15:54'),
(19, 'Legion Commander', 'https://dota2.fandom.com//wiki/Legion_Commander', 1, '2021-11-28 14:15:54', '2021-11-28 14:15:54'),
(20, 'Lifestealer', 'https://dota2.fandom.com//wiki/Lifestealer', 1, '2021-11-28 14:15:54', '2021-11-28 14:15:54'),
(21, 'Lycan', 'https://dota2.fandom.com//wiki/Lycan', 1, '2021-11-28 14:15:54', '2021-11-28 14:15:54'),
(22, 'Magnus', 'https://dota2.fandom.com//wiki/Magnus', 1, '2021-11-28 14:15:55', '2021-11-28 14:15:55'),
(23, 'Marci', 'https://dota2.fandom.com//wiki/Marci', 1, '2021-11-28 14:15:55', '2021-11-28 14:15:55'),
(24, 'Mars', 'https://dota2.fandom.com//wiki/Mars', 1, '2021-11-28 14:15:55', '2021-11-28 14:15:55'),
(25, 'Night Stalker', 'https://dota2.fandom.com//wiki/Night_Stalker', 1, '2021-11-28 14:15:55', '2021-11-28 14:15:55'),
(26, 'Omniknight', 'https://dota2.fandom.com//wiki/Omniknight', 1, '2021-11-28 14:15:55', '2021-11-28 14:15:55'),
(27, 'Phoenix', 'https://dota2.fandom.com//wiki/Phoenix', 1, '2021-11-28 14:15:55', '2021-11-28 14:15:55'),
(28, 'Pudge', 'https://dota2.fandom.com//wiki/Pudge', 1, '2021-11-28 14:15:56', '2021-11-28 14:15:56'),
(29, 'Sand King', 'https://dota2.fandom.com//wiki/Sand_King', 1, '2021-11-28 14:15:56', '2021-11-28 14:15:56'),
(30, 'Slardar', 'https://dota2.fandom.com//wiki/Slardar', 1, '2021-11-28 14:15:56', '2021-11-28 14:15:56'),
(31, 'Snapfire', 'https://dota2.fandom.com//wiki/Snapfire', 1, '2021-11-28 14:15:56', '2021-11-28 14:15:56'),
(32, 'Spirit Breaker', 'https://dota2.fandom.com//wiki/Spirit_Breaker', 1, '2021-11-28 14:15:56', '2021-11-28 14:15:56'),
(33, 'Sven', 'https://dota2.fandom.com//wiki/Sven', 1, '2021-11-28 14:15:56', '2021-11-28 14:15:56'),
(34, 'Tidehunter', 'https://dota2.fandom.com//wiki/Tidehunter', 1, '2021-11-28 14:15:57', '2021-11-28 14:15:57'),
(35, 'Timbersaw', 'https://dota2.fandom.com//wiki/Timbersaw', 1, '2021-11-28 14:15:57', '2021-11-28 14:15:57'),
(36, 'Tiny', 'https://dota2.fandom.com//wiki/Tiny', 1, '2021-11-28 14:15:57', '2021-11-28 14:15:57'),
(37, 'Treant Protector', 'https://dota2.fandom.com//wiki/Treant_Protector', 1, '2021-11-28 14:15:57', '2021-11-28 14:15:57'),
(38, 'Tusk', 'https://dota2.fandom.com//wiki/Tusk', 1, '2021-11-28 14:15:57', '2021-11-28 14:15:57'),
(39, 'Underlord', 'https://dota2.fandom.com//wiki/Underlord', 1, '2021-11-28 14:15:57', '2021-11-28 14:15:57'),
(40, 'Undying', 'https://dota2.fandom.com//wiki/Undying', 1, '2021-11-28 14:15:58', '2021-11-28 14:15:58'),
(41, 'Wraith King', 'https://dota2.fandom.com//wiki/Wraith_King', 1, '2021-11-28 14:15:58', '2021-11-28 14:15:58'),
(42, 'Anti-Mage', 'https://dota2.fandom.com//wiki/Anti-Mage', 2, '2021-11-28 14:16:08', '2021-11-28 14:16:08'),
(43, 'Arc Warden', 'https://dota2.fandom.com//wiki/Arc_Warden', 2, '2021-11-28 14:16:08', '2021-11-28 14:16:08'),
(44, 'Bounty Hunter', 'https://dota2.fandom.com//wiki/Bounty_Hunter', 2, '2021-11-28 14:16:09', '2021-11-28 14:16:09'),
(45, 'Bloodseeker', 'https://dota2.fandom.com//wiki/Bloodseeker', 2, '2021-11-28 14:16:09', '2021-11-28 14:16:09'),
(46, 'Broodmother', 'https://dota2.fandom.com//wiki/Broodmother', 2, '2021-11-28 14:16:09', '2021-11-28 14:16:09'),
(47, 'Clinkz', 'https://dota2.fandom.com//wiki/Clinkz', 2, '2021-11-28 14:16:09', '2021-11-28 14:16:09'),
(48, 'Drow Ranger', 'https://dota2.fandom.com//wiki/Drow_Ranger', 2, '2021-11-28 14:16:09', '2021-11-28 14:16:09'),
(49, 'Ember Spirit', 'https://dota2.fandom.com//wiki/Ember_Spirit', 2, '2021-11-28 14:16:09', '2021-11-28 14:16:09'),
(50, 'Faceless Void', 'https://dota2.fandom.com//wiki/Faceless_Void', 2, '2021-11-28 14:16:10', '2021-11-28 14:16:10'),
(51, 'Gyrocopter', 'https://dota2.fandom.com//wiki/Gyrocopter', 2, '2021-11-28 14:16:10', '2021-11-28 14:16:10'),
(52, 'Hoodwink', 'https://dota2.fandom.com//wiki/Hoodwink', 2, '2021-11-28 14:16:10', '2021-11-28 14:16:10'),
(53, 'Juggernaut', 'https://dota2.fandom.com//wiki/Juggernaut', 2, '2021-11-28 14:16:10', '2021-11-28 14:16:10'),
(54, 'Lone Druid', 'https://dota2.fandom.com//wiki/Lone_Druid', 2, '2021-11-28 14:16:10', '2021-11-28 14:16:10'),
(55, 'Luna', 'https://dota2.fandom.com//wiki/Luna', 2, '2021-11-28 14:16:10', '2021-11-28 14:16:10'),
(56, 'Medusa', 'https://dota2.fandom.com//wiki/Medusa', 2, '2021-11-28 14:16:11', '2021-11-28 14:16:11'),
(57, 'Meepo', 'https://dota2.fandom.com//wiki/Meepo', 2, '2021-11-28 14:16:11', '2021-11-28 14:16:11'),
(58, 'Mirana', 'https://dota2.fandom.com//wiki/Mirana', 2, '2021-11-28 14:16:11', '2021-11-28 14:16:11'),
(59, 'Monkey King', 'https://dota2.fandom.com//wiki/Monkey_King', 2, '2021-11-28 14:16:11', '2021-11-28 14:16:11'),
(60, 'Morphling', 'https://dota2.fandom.com//wiki/Morphling', 2, '2021-11-28 14:16:11', '2021-11-28 14:16:11'),
(61, 'Naga Siren', 'https://dota2.fandom.com//wiki/Naga_Siren', 2, '2021-11-28 14:16:11', '2021-11-28 14:16:11'),
(62, 'Nyx Assassin', 'https://dota2.fandom.com//wiki/Nyx_Assassin', 2, '2021-11-28 14:16:12', '2021-11-28 14:16:12'),
(63, 'Pangolier', 'https://dota2.fandom.com//wiki/Pangolier', 2, '2021-11-28 14:16:12', '2021-11-28 14:16:12'),
(64, 'Phantom Assassin', 'https://dota2.fandom.com//wiki/Phantom_Assassin', 2, '2021-11-28 14:16:12', '2021-11-28 14:16:12'),
(65, 'Phantom Lancer', 'https://dota2.fandom.com//wiki/Phantom_Lancer', 2, '2021-11-28 14:16:12', '2021-11-28 14:16:12'),
(66, 'Razor', 'https://dota2.fandom.com//wiki/Razor', 2, '2021-11-28 14:16:12', '2021-11-28 14:16:12'),
(67, 'Riki', 'https://dota2.fandom.com//wiki/Riki', 2, '2021-11-28 14:16:12', '2021-11-28 14:16:12'),
(68, 'Shadow Fiend', 'https://dota2.fandom.com//wiki/Shadow_Fiend', 2, '2021-11-28 14:16:13', '2021-11-28 14:16:13'),
(69, 'Slark', 'https://dota2.fandom.com//wiki/Slark', 2, '2021-11-28 14:16:13', '2021-11-28 14:16:13'),
(70, 'Sniper', 'https://dota2.fandom.com//wiki/Sniper', 2, '2021-11-28 14:16:13', '2021-11-28 14:16:13'),
(71, 'Spectre', 'https://dota2.fandom.com//wiki/Spectre', 2, '2021-11-28 14:16:13', '2021-11-28 14:16:13'),
(72, 'Templar Assassin', 'https://dota2.fandom.com//wiki/Templar_Assassin', 2, '2021-11-28 14:16:13', '2021-11-28 14:16:13'),
(73, 'Terrorblade', 'https://dota2.fandom.com//wiki/Terrorblade', 2, '2021-11-28 14:16:13', '2021-11-28 14:16:13'),
(74, 'Troll Warlord', 'https://dota2.fandom.com//wiki/Troll_Warlord', 2, '2021-11-28 14:16:14', '2021-11-28 14:16:14'),
(75, 'Ursa', 'https://dota2.fandom.com//wiki/Ursa', 2, '2021-11-28 14:16:14', '2021-11-28 14:16:14'),
(76, 'Vengeful Spirit', 'https://dota2.fandom.com//wiki/Vengeful_Spirit', 2, '2021-11-28 14:16:14', '2021-11-28 14:16:14'),
(77, 'Venomancer', 'https://dota2.fandom.com//wiki/Venomancer', 2, '2021-11-28 14:16:14', '2021-11-28 14:16:14'),
(78, 'Viper', 'https://dota2.fandom.com//wiki/Viper', 2, '2021-11-28 14:16:15', '2021-11-28 14:16:15'),
(79, 'Weaver', 'https://dota2.fandom.com//wiki/Weaver', 2, '2021-11-28 14:16:15', '2021-11-28 14:16:15'),
(80, 'Ancient Apparition', 'https://dota2.fandom.com//wiki/Ancient_Apparition', 3, '2021-11-28 14:16:41', '2021-11-28 14:16:41'),
(81, 'Bane', 'https://dota2.fandom.com//wiki/Bane', 3, '2021-11-28 14:16:41', '2021-11-28 14:16:41'),
(82, 'Batrider', 'https://dota2.fandom.com//wiki/Batrider', 3, '2021-11-28 14:16:41', '2021-11-28 14:16:41'),
(83, 'Chen', 'https://dota2.fandom.com//wiki/Chen', 3, '2021-11-28 14:16:41', '2021-11-28 14:16:41'),
(84, 'Crystal Maiden', 'https://dota2.fandom.com//wiki/Crystal_Maiden', 3, '2021-11-28 14:16:42', '2021-11-28 14:16:42'),
(85, 'Dark Seer', 'https://dota2.fandom.com//wiki/Dark_Seer', 3, '2021-11-28 14:16:42', '2021-11-28 14:16:42'),
(86, 'Dark Willow', 'https://dota2.fandom.com//wiki/Dark_Willow', 3, '2021-11-28 14:16:42', '2021-11-28 14:16:42'),
(87, 'Dazzle', 'https://dota2.fandom.com//wiki/Dazzle', 3, '2021-11-28 14:16:42', '2021-11-28 14:16:42'),
(88, 'Death Prophet', 'https://dota2.fandom.com//wiki/Death_Prophet', 3, '2021-11-28 14:16:42', '2021-11-28 14:16:42'),
(89, 'Disruptor', 'https://dota2.fandom.com//wiki/Disruptor', 3, '2021-11-28 14:16:42', '2021-11-28 14:16:42'),
(90, 'Enchantress', 'https://dota2.fandom.com//wiki/Enchantress', 3, '2021-11-28 14:16:43', '2021-11-28 14:16:43'),
(91, 'Enigma', 'https://dota2.fandom.com//wiki/Enigma', 3, '2021-11-28 14:16:43', '2021-11-28 14:16:43'),
(92, 'Grimstroke', 'https://dota2.fandom.com//wiki/Grimstroke', 3, '2021-11-28 14:16:43', '2021-11-28 14:16:43'),
(93, 'Invoker', 'https://dota2.fandom.com//wiki/Invoker', 3, '2021-11-28 14:16:43', '2021-11-28 14:16:43'),
(94, 'Jakiro', 'https://dota2.fandom.com//wiki/Jakiro', 3, '2021-11-28 14:16:43', '2021-11-28 14:16:43'),
(95, 'Keeper of the Light', 'https://dota2.fandom.com//wiki/Keeper_of_the_Light', 3, '2021-11-28 14:16:43', '2021-11-28 14:16:43'),
(96, 'Leshrac', 'https://dota2.fandom.com//wiki/Leshrac', 3, '2021-11-28 14:16:43', '2021-11-28 14:16:43'),
(97, 'Lich', 'https://dota2.fandom.com//wiki/Lich', 3, '2021-11-28 14:16:44', '2021-11-28 14:16:44'),
(98, 'Lina', 'https://dota2.fandom.com//wiki/Lina', 3, '2021-11-28 14:16:44', '2021-11-28 14:16:44'),
(99, 'Lion', 'https://dota2.fandom.com//wiki/Lion', 3, '2021-11-28 14:16:44', '2021-11-28 14:16:44'),
(100, 'Nature\'s Prophet', 'https://dota2.fandom.com//wiki/Nature%27s_Prophet', 3, '2021-11-28 14:16:44', '2021-11-28 14:16:44'),
(101, 'Necrophos', 'https://dota2.fandom.com//wiki/Necrophos', 3, '2021-11-28 14:16:44', '2021-11-28 14:16:44'),
(102, 'Ogre Magi', 'https://dota2.fandom.com//wiki/Ogre_Magi', 3, '2021-11-28 14:16:45', '2021-11-28 14:16:45'),
(103, 'Oracle', 'https://dota2.fandom.com//wiki/Oracle', 3, '2021-11-28 14:16:45', '2021-11-28 14:16:45'),
(104, 'Outworld Destroyer', 'https://dota2.fandom.com//wiki/Outworld_Destroyer', 3, '2021-11-28 14:16:45', '2021-11-28 14:16:45'),
(105, 'Puck', 'https://dota2.fandom.com//wiki/Puck', 3, '2021-11-28 14:16:45', '2021-11-28 14:16:45'),
(106, 'Pugna', 'https://dota2.fandom.com//wiki/Pugna', 3, '2021-11-28 14:16:45', '2021-11-28 14:16:45'),
(107, 'Queen of Pain', 'https://dota2.fandom.com//wiki/Queen_of_Pain', 3, '2021-11-28 14:16:45', '2021-11-28 14:16:45'),
(108, 'Rubick', 'https://dota2.fandom.com//wiki/Rubick', 3, '2021-11-28 14:16:45', '2021-11-28 14:16:45'),
(109, 'Shadow Demon', 'https://dota2.fandom.com//wiki/Shadow_Demon', 3, '2021-11-28 14:16:46', '2021-11-28 14:16:46'),
(110, 'Shadow Shaman', 'https://dota2.fandom.com//wiki/Shadow_Shaman', 3, '2021-11-28 14:16:46', '2021-11-28 14:16:46'),
(111, 'Silencer', 'https://dota2.fandom.com//wiki/Silencer', 3, '2021-11-28 14:16:46', '2021-11-28 14:16:46'),
(112, 'Skywrath Mage', 'https://dota2.fandom.com//wiki/Skywrath_Mage', 3, '2021-11-28 14:16:46', '2021-11-28 14:16:46'),
(113, 'Storm Spirit', 'https://dota2.fandom.com//wiki/Storm_Spirit', 3, '2021-11-28 14:16:46', '2021-11-28 14:16:46'),
(114, 'Techies', 'https://dota2.fandom.com//wiki/Techies', 3, '2021-11-28 14:16:46', '2021-11-28 14:16:46'),
(115, 'Tinker', 'https://dota2.fandom.com//wiki/Tinker', 3, '2021-11-28 14:16:47', '2021-11-28 14:16:47'),
(116, 'Visage', 'https://dota2.fandom.com//wiki/Visage', 3, '2021-11-28 14:16:47', '2021-11-28 14:16:47'),
(117, 'Void Spirit', 'https://dota2.fandom.com//wiki/Void_Spirit', 3, '2021-11-28 14:16:47', '2021-11-28 14:16:47'),
(118, 'Warlock', 'https://dota2.fandom.com//wiki/Warlock', 3, '2021-11-28 14:16:47', '2021-11-28 14:16:47'),
(119, 'Windranger', 'https://dota2.fandom.com//wiki/Windranger', 3, '2021-11-28 14:16:47', '2021-11-28 14:16:47'),
(120, 'Winter Wyvern', 'https://dota2.fandom.com//wiki/Winter_Wyvern', 3, '2021-11-28 14:16:47', '2021-11-28 14:16:47'),
(121, 'Witch Doctor', 'https://dota2.fandom.com//wiki/Witch_Doctor', 3, '2021-11-28 14:16:47', '2021-11-28 14:16:47'),
(122, 'Zeus', 'https://dota2.fandom.com//wiki/Zeus', 3, '2021-11-28 14:16:48', '2021-11-28 14:16:48'),
(123, 'Primal Beast', 'https://dota2.fandom.com/wiki/Primal_Beast', 1, '2022-04-14 10:06:21', '2022-04-14 10:06:21');

-- --------------------------------------------------------

--
-- Table structure for table `hero_positions`
--

CREATE TABLE `hero_positions` (
  `id` bigint(20) UNSIGNED NOT NULL,
  `position_id` bigint(20) UNSIGNED NOT NULL,
  `hero_id` bigint(20) UNSIGNED NOT NULL,
  `rank_id` bigint(20) UNSIGNED NOT NULL
) ENGINE=InnoDB DEFAULT CHARSET=utf8mb4 COLLATE=utf8mb4_unicode_ci;

--
-- Dumping data for table `hero_positions`
--

INSERT INTO `hero_positions` (`id`, `position_id`, `hero_id`, `rank_id`) VALUES
(4, 3, 1, 1),
(5, 3, 1, 2),
(6, 3, 1, 3),
(7, 3, 1, 4),
(8, 5, 1, 4),
(9, 5, 1, 5),
(10, 3, 1, 5),
(11, 3, 1, 6),
(12, 5, 1, 6),
(13, 5, 1, 7),
(14, 2, 2, 1),
(15, 2, 2, 2),
(16, 2, 2, 3),
(17, 2, 2, 4),
(18, 2, 2, 5),
(19, 2, 2, 6),
(20, 1, 2, 7),
(21, 2, 2, 7),
(22, 3, 3, 1),
(23, 3, 3, 2),
(24, 3, 3, 3),
(25, 3, 3, 4),
(26, 3, 3, 5),
(27, 3, 3, 6),
(28, 3, 3, 7),
(41, 3, 4, 1),
(42, 3, 4, 2),
(43, 3, 4, 3),
(44, 3, 4, 4),
(45, 3, 4, 5),
(46, 3, 4, 6),
(47, 3, 4, 7),
(49, 3, 5, 1),
(50, 3, 5, 2),
(51, 3, 5, 3),
(52, 3, 5, 4),
(53, 3, 5, 5),
(54, 3, 5, 6),
(55, 3, 5, 7),
(56, 3, 6, 1),
(57, 3, 6, 2),
(58, 3, 6, 3),
(59, 3, 6, 4),
(60, 3, 6, 5),
(61, 3, 6, 6),
(62, 3, 6, 7),
(63, 3, 7, 1),
(64, 3, 7, 2),
(65, 3, 7, 3),
(66, 3, 7, 4),
(67, 3, 7, 5),
(68, 3, 7, 6),
(69, 3, 7, 7),
(70, 3, 8, 1),
(71, 3, 8, 2),
(72, 1, 8, 3),
(73, 3, 8, 3),
(74, 1, 8, 4),
(75, 3, 8, 4),
(76, 1, 8, 5),
(77, 3, 8, 5),
(78, 1, 8, 6),
(79, 3, 8, 6),
(80, 1, 8, 7),
(81, 3, 8, 7),
(82, 3, 9, 1),
(83, 4, 9, 1),
(84, 3, 9, 2),
(85, 4, 9, 2),
(86, 3, 9, 3),
(87, 4, 9, 3),
(88, 3, 9, 4),
(89, 4, 9, 4),
(90, 4, 9, 5),
(91, 4, 9, 6),
(92, 4, 9, 7),
(93, 3, 10, 1),
(94, 3, 10, 2),
(95, 3, 10, 3),
(96, 3, 10, 4),
(97, 3, 10, 5),
(98, 3, 10, 6),
(99, 3, 10, 7),
(100, 3, 11, 1),
(101, 3, 11, 2),
(102, 3, 11, 3),
(103, 3, 11, 4),
(104, 3, 11, 5),
(105, 3, 11, 6),
(106, 3, 11, 7),
(107, 3, 12, 1),
(108, 3, 12, 2),
(109, 3, 12, 3),
(110, 3, 12, 4),
(111, 3, 12, 5),
(112, 3, 12, 6),
(113, 3, 12, 7),
(114, 4, 13, 1),
(115, 4, 13, 2),
(116, 4, 13, 3),
(117, 4, 13, 4),
(118, 4, 13, 5),
(119, 4, 13, 6),
(120, 4, 13, 7),
(121, 4, 14, 1),
(122, 3, 14, 2),
(123, 4, 14, 2),
(124, 4, 14, 3),
(125, 4, 14, 4),
(126, 4, 14, 5),
(127, 4, 14, 6),
(128, 4, 14, 7),
(129, 3, 15, 1),
(130, 3, 15, 2),
(131, 3, 15, 3),
(132, 3, 15, 4),
(133, 3, 15, 5),
(134, 3, 15, 6),
(135, 3, 15, 7),
(136, 2, 16, 1),
(137, 3, 16, 1),
(138, 2, 16, 2),
(139, 3, 16, 2),
(140, 2, 16, 3),
(141, 2, 16, 4),
(142, 2, 16, 5),
(143, 2, 16, 6),
(144, 2, 16, 7),
(145, 5, 17, 1),
(146, 5, 17, 2),
(147, 5, 17, 3),
(148, 5, 17, 4),
(149, 5, 17, 5),
(150, 5, 17, 6),
(151, 5, 17, 7),
(152, 2, 18, 1),
(153, 3, 18, 1),
(154, 2, 18, 2),
(155, 3, 18, 2),
(156, 2, 18, 3),
(157, 3, 18, 3),
(158, 2, 18, 4),
(159, 3, 18, 4),
(160, 2, 18, 5),
(161, 3, 18, 5),
(162, 2, 18, 6),
(163, 2, 18, 7),
(164, 3, 19, 1),
(165, 3, 19, 2),
(166, 3, 19, 3),
(167, 3, 19, 4),
(168, 3, 19, 5),
(169, 3, 19, 6),
(170, 3, 19, 7),
(171, 1, 20, 1),
(172, 3, 20, 1),
(173, 1, 20, 2),
(174, 1, 20, 3),
(175, 1, 20, 4),
(176, 1, 20, 5),
(177, 1, 20, 6),
(178, 1, 20, 7),
(179, 3, 21, 1),
(180, 3, 21, 2),
(181, 3, 21, 3),
(182, 3, 21, 4),
(183, 3, 21, 5),
(184, 3, 21, 6),
(185, 3, 21, 7),
(186, 3, 22, 1),
(187, 3, 22, 2),
(188, 3, 22, 3),
(189, 3, 22, 4),
(190, 3, 22, 5),
(191, 3, 22, 6),
(192, 3, 22, 7),
(193, 3, 23, 1),
(194, 4, 23, 1),
(195, 4, 23, 2),
(196, 4, 23, 3),
(197, 4, 23, 4),
(198, 4, 23, 5),
(199, 4, 23, 6),
(200, 5, 23, 6),
(201, 4, 23, 7),
(202, 5, 23, 7),
(203, 3, 24, 1),
(204, 3, 24, 2),
(205, 3, 24, 3),
(206, 3, 24, 4),
(207, 3, 24, 5),
(208, 3, 24, 6),
(209, 3, 24, 7),
(210, 3, 25, 1),
(211, 3, 25, 2),
(212, 3, 25, 3),
(213, 3, 25, 4),
(214, 3, 25, 5),
(215, 3, 25, 6),
(216, 3, 25, 7),
(217, 4, 26, 1),
(218, 5, 26, 1),
(219, 4, 26, 2),
(220, 5, 26, 2),
(221, 4, 26, 3),
(222, 5, 26, 3),
(223, 5, 26, 4),
(224, 5, 26, 5),
(225, 5, 26, 6),
(226, 5, 26, 7),
(227, 4, 27, 1),
(228, 5, 27, 1),
(229, 4, 27, 2),
(230, 4, 27, 3),
(231, 4, 27, 4),
(232, 3, 27, 5),
(233, 4, 27, 5),
(234, 4, 27, 6),
(235, 4, 27, 7),
(236, 4, 28, 1),
(237, 4, 28, 2),
(238, 4, 28, 3),
(239, 4, 28, 4),
(240, 4, 28, 5),
(241, 4, 28, 6),
(242, 4, 28, 7),
(243, 3, 29, 1),
(244, 3, 29, 2),
(245, 3, 29, 3),
(246, 3, 29, 4),
(247, 3, 29, 5),
(248, 3, 29, 6),
(249, 3, 29, 7),
(250, 3, 30, 1),
(251, 3, 30, 2),
(252, 3, 30, 3),
(253, 3, 30, 4),
(254, 3, 30, 5),
(255, 3, 30, 6),
(256, 3, 30, 7),
(257, 4, 31, 1),
(258, 5, 31, 1),
(259, 4, 31, 2),
(260, 4, 31, 3),
(261, 4, 31, 4),
(262, 5, 31, 4),
(263, 4, 31, 5),
(264, 4, 31, 6),
(265, 4, 31, 7),
(266, 3, 32, 1),
(267, 4, 32, 1),
(268, 3, 32, 2),
(269, 4, 32, 2),
(270, 3, 32, 3),
(271, 4, 32, 3),
(272, 3, 32, 4),
(273, 4, 32, 4),
(274, 3, 32, 5),
(275, 4, 32, 5),
(276, 3, 32, 6),
(277, 4, 32, 6),
(278, 3, 32, 7),
(279, 4, 32, 7),
(280, 1, 33, 1),
(281, 3, 33, 1),
(282, 1, 33, 2),
(283, 1, 33, 3),
(284, 1, 33, 4),
(285, 1, 33, 5),
(286, 1, 33, 6),
(287, 1, 33, 7),
(288, 3, 34, 1),
(289, 3, 34, 2),
(290, 3, 34, 3),
(291, 3, 34, 4),
(292, 3, 34, 5),
(293, 3, 34, 6),
(294, 3, 34, 7),
(295, 3, 35, 1),
(296, 3, 35, 2),
(297, 3, 35, 3),
(298, 3, 35, 4),
(299, 3, 35, 5),
(300, 3, 35, 6),
(301, 3, 35, 7),
(302, 1, 36, 1),
(303, 3, 36, 1),
(304, 1, 36, 2),
(305, 1, 36, 3),
(306, 1, 36, 4),
(307, 1, 36, 5),
(308, 1, 36, 6),
(309, 1, 36, 7),
(310, 4, 37, 1),
(311, 5, 37, 1),
(312, 4, 37, 2),
(313, 5, 37, 2),
(314, 4, 37, 3),
(315, 5, 37, 3),
(316, 4, 37, 4),
(317, 5, 37, 4),
(318, 4, 37, 5),
(319, 5, 37, 5),
(320, 4, 37, 6),
(321, 5, 37, 6),
(322, 4, 37, 7),
(323, 5, 37, 7),
(324, 3, 38, 1),
(325, 4, 38, 1),
(326, 4, 38, 2),
(327, 4, 38, 3),
(328, 4, 38, 4),
(329, 4, 38, 5),
(330, 4, 38, 6),
(331, 4, 38, 7),
(332, 3, 39, 1),
(333, 3, 39, 2),
(334, 3, 39, 3),
(335, 3, 39, 4),
(336, 3, 39, 5),
(337, 3, 39, 6),
(338, 3, 39, 7),
(339, 4, 40, 1),
(340, 5, 40, 1),
(341, 4, 40, 2),
(342, 5, 40, 2),
(343, 4, 40, 3),
(344, 5, 40, 3),
(345, 4, 40, 4),
(346, 5, 40, 4),
(347, 4, 40, 5),
(348, 5, 40, 5),
(349, 4, 40, 6),
(350, 5, 40, 6),
(351, 4, 40, 7),
(352, 5, 40, 7),
(353, 1, 41, 1),
(354, 3, 41, 1),
(355, 1, 41, 2),
(356, 3, 41, 2),
(357, 1, 41, 3),
(358, 1, 41, 4),
(359, 1, 41, 5),
(360, 1, 41, 6),
(361, 1, 41, 7),
(362, 1, 42, 1),
(363, 1, 42, 2),
(364, 1, 42, 3),
(365, 1, 42, 4),
(366, 1, 42, 5),
(367, 1, 42, 6),
(368, 1, 42, 7),
(369, 2, 43, 1),
(370, 2, 43, 2),
(371, 2, 43, 3),
(372, 2, 43, 4),
(373, 2, 43, 5),
(374, 2, 43, 6),
(375, 2, 43, 7),
(376, 4, 44, 1),
(377, 4, 44, 2),
(378, 4, 44, 3),
(379, 4, 44, 4),
(380, 4, 44, 5),
(381, 4, 44, 6),
(382, 3, 44, 7),
(383, 4, 44, 7),
(384, 1, 45, 1),
(385, 1, 45, 2),
(386, 1, 45, 7),
(387, 1, 45, 3),
(388, 3, 45, 3),
(389, 1, 45, 4),
(390, 3, 45, 4),
(391, 1, 45, 5),
(392, 3, 45, 5),
(393, 1, 45, 6),
(394, 3, 45, 6),
(395, 1, 45, 7),
(396, 3, 45, 7),
(404, 2, 46, 1),
(405, 2, 46, 2),
(406, 2, 46, 3),
(407, 2, 46, 4),
(408, 2, 46, 5),
(409, 2, 46, 6),
(410, 2, 46, 7),
(411, 1, 47, 1),
(412, 2, 47, 1),
(413, 1, 47, 2),
(414, 2, 47, 2),
(415, 1, 47, 3),
(416, 2, 47, 3),
(417, 1, 47, 4),
(418, 2, 47, 4),
(419, 1, 47, 5),
(420, 1, 47, 6),
(421, 1, 47, 7),
(422, 1, 48, 1),
(423, 1, 48, 2),
(424, 1, 48, 3),
(425, 1, 48, 4),
(426, 1, 48, 5),
(427, 1, 48, 6),
(428, 1, 48, 7),
(429, 2, 49, 1),
(430, 2, 49, 2),
(431, 2, 49, 3),
(432, 2, 49, 4),
(433, 2, 49, 5),
(434, 2, 49, 6),
(435, 2, 49, 7),
(436, 1, 50, 1),
(437, 1, 50, 2),
(438, 1, 50, 3),
(439, 1, 50, 4),
(440, 1, 50, 5),
(441, 1, 50, 6),
(442, 1, 50, 7),
(443, 1, 51, 1),
(444, 1, 51, 2),
(445, 1, 51, 3),
(446, 1, 51, 4),
(447, 1, 51, 5),
(448, 1, 51, 6),
(449, 4, 51, 6),
(452, 1, 51, 7),
(453, 4, 52, 1),
(454, 4, 52, 2),
(455, 4, 52, 3),
(456, 4, 52, 4),
(457, 4, 52, 5),
(458, 4, 52, 6),
(459, 4, 52, 7),
(460, 1, 53, 1),
(461, 1, 53, 2),
(462, 1, 53, 3),
(463, 1, 53, 4),
(464, 1, 53, 5),
(465, 1, 53, 6),
(466, 1, 53, 7),
(467, 2, 54, 1),
(468, 2, 54, 2),
(469, 1, 54, 3),
(470, 2, 54, 3),
(471, 1, 54, 4),
(472, 2, 54, 4),
(473, 1, 54, 5),
(474, 2, 54, 5),
(475, 1, 54, 6),
(476, 2, 54, 6),
(477, 1, 54, 7),
(478, 2, 54, 7),
(479, 1, 55, 1),
(480, 1, 55, 2),
(481, 1, 55, 3),
(482, 1, 55, 4),
(483, 1, 55, 5),
(484, 1, 55, 6),
(485, 1, 55, 7),
(486, 1, 56, 1),
(487, 2, 56, 1),
(488, 1, 56, 2),
(489, 2, 56, 2),
(490, 1, 56, 3),
(491, 1, 56, 4),
(492, 1, 56, 5),
(493, 1, 56, 6),
(494, 1, 56, 7),
(495, 2, 57, 1),
(496, 2, 57, 2),
(497, 2, 57, 3),
(498, 2, 57, 4),
(499, 2, 57, 5),
(500, 2, 57, 6),
(501, 2, 57, 7),
(502, 4, 58, 1),
(503, 4, 58, 2),
(504, 4, 58, 3),
(505, 4, 58, 4),
(506, 4, 58, 5),
(507, 4, 58, 6),
(508, 4, 58, 7),
(509, 1, 59, 1),
(510, 1, 59, 2),
(511, 1, 59, 3),
(512, 1, 59, 4),
(513, 1, 59, 5),
(514, 1, 59, 6),
(515, 1, 59, 7),
(516, 1, 60, 1),
(517, 2, 60, 1),
(518, 1, 60, 2),
(519, 2, 60, 2),
(520, 1, 60, 3),
(521, 2, 60, 3),
(522, 1, 60, 4),
(523, 1, 60, 5),
(524, 1, 60, 6),
(525, 1, 60, 7),
(526, 1, 61, 1),
(527, 1, 61, 2),
(528, 1, 61, 3),
(529, 1, 61, 4),
(530, 1, 61, 5),
(531, 1, 61, 6),
(532, 1, 61, 7),
(533, 4, 62, 1),
(534, 4, 62, 2),
(535, 4, 62, 3),
(536, 4, 62, 4),
(537, 4, 62, 5),
(538, 4, 62, 6),
(539, 4, 62, 7),
(540, 3, 63, 1),
(541, 3, 63, 2),
(542, 3, 63, 3),
(543, 3, 63, 4),
(544, 3, 63, 5),
(545, 3, 63, 6),
(546, 3, 63, 7),
(547, 1, 64, 1),
(548, 1, 64, 2),
(549, 1, 64, 3),
(550, 1, 64, 4),
(551, 1, 64, 5),
(552, 1, 64, 6),
(553, 1, 64, 7),
(554, 1, 65, 1),
(555, 1, 65, 2),
(556, 1, 65, 3),
(557, 1, 65, 4),
(558, 1, 65, 5),
(559, 1, 65, 6),
(560, 1, 65, 7),
(561, 2, 66, 1),
(562, 1, 66, 2),
(563, 2, 66, 2),
(564, 3, 66, 3),
(565, 1, 66, 4),
(566, 3, 66, 4),
(567, 1, 66, 5),
(568, 3, 66, 5),
(569, 1, 66, 6),
(570, 3, 66, 6),
(571, 1, 66, 7),
(572, 3, 66, 7),
(573, 1, 67, 1),
(574, 1, 67, 2),
(575, 1, 67, 3),
(576, 1, 67, 4),
(577, 1, 67, 5),
(578, 1, 67, 6),
(579, 1, 67, 7),
(580, 2, 68, 1),
(581, 2, 68, 2),
(582, 2, 68, 3),
(583, 2, 68, 4),
(584, 2, 68, 5),
(585, 2, 68, 6),
(586, 2, 68, 7),
(587, 1, 69, 1),
(588, 1, 69, 2),
(589, 1, 69, 3),
(590, 1, 69, 4),
(591, 1, 69, 5),
(592, 1, 69, 6),
(593, 1, 69, 7),
(594, 2, 70, 1),
(595, 2, 70, 2),
(596, 2, 70, 3),
(597, 2, 70, 4),
(598, 2, 70, 5),
(599, 2, 70, 6),
(600, 2, 70, 7),
(601, 1, 71, 1),
(602, 1, 71, 2),
(603, 1, 71, 3),
(604, 1, 71, 4),
(605, 1, 71, 5),
(606, 1, 71, 6),
(607, 1, 71, 7),
(608, 2, 72, 1),
(609, 2, 72, 2),
(610, 2, 72, 3),
(611, 1, 72, 4),
(612, 2, 72, 4),
(613, 1, 72, 5),
(614, 2, 72, 5),
(615, 1, 72, 6),
(616, 2, 72, 6),
(617, 1, 72, 7),
(618, 2, 72, 7),
(619, 1, 73, 1),
(620, 1, 73, 2),
(621, 1, 73, 3),
(622, 1, 73, 4),
(623, 1, 73, 5),
(624, 1, 73, 6),
(625, 1, 73, 7),
(626, 1, 74, 1),
(627, 1, 74, 2),
(628, 1, 74, 3),
(629, 1, 74, 4),
(630, 1, 74, 5),
(631, 1, 74, 6),
(632, 1, 74, 7),
(633, 1, 75, 1),
(634, 1, 75, 2),
(635, 1, 75, 3),
(636, 1, 75, 4),
(637, 1, 75, 5),
(638, 1, 75, 6),
(639, 1, 75, 7),
(640, 4, 76, 1),
(641, 5, 76, 1),
(642, 4, 76, 2),
(643, 5, 76, 2),
(644, 4, 76, 3),
(645, 5, 76, 3),
(646, 4, 76, 4),
(647, 5, 76, 4),
(648, 4, 76, 5),
(649, 5, 76, 5),
(650, 4, 76, 6),
(651, 5, 76, 6),
(652, 4, 76, 7),
(653, 5, 76, 7),
(654, 4, 77, 1),
(655, 5, 77, 1),
(656, 4, 77, 2),
(657, 5, 77, 2),
(658, 4, 77, 3),
(659, 5, 77, 3),
(660, 4, 77, 4),
(661, 5, 77, 4),
(662, 4, 77, 6),
(663, 3, 77, 7),
(664, 4, 77, 7),
(665, 2, 78, 1),
(666, 2, 78, 2),
(667, 3, 78, 2),
(668, 2, 78, 3),
(669, 3, 78, 3),
(670, 2, 78, 4),
(671, 3, 78, 4),
(672, 2, 78, 5),
(673, 3, 78, 5),
(674, 2, 78, 6),
(675, 3, 78, 6),
(676, 2, 78, 7),
(677, 3, 78, 7),
(678, 1, 79, 1),
(679, 1, 79, 2),
(680, 1, 79, 3),
(681, 4, 79, 3),
(682, 4, 79, 4),
(683, 4, 79, 5),
(684, 4, 79, 6),
(685, 4, 79, 7),
(686, 4, 80, 1),
(687, 5, 80, 1),
(688, 4, 80, 2),
(689, 5, 80, 2),
(690, 4, 80, 3),
(691, 5, 80, 3),
(692, 5, 80, 4),
(693, 5, 80, 5),
(694, 5, 80, 6),
(695, 5, 80, 7),
(696, 5, 81, 1),
(697, 5, 81, 2),
(698, 5, 81, 3),
(699, 5, 81, 4),
(700, 5, 81, 5),
(701, 5, 81, 6),
(702, 5, 81, 7),
(703, 2, 82, 1),
(704, 2, 82, 2),
(705, 2, 82, 3),
(706, 2, 82, 4),
(707, 2, 82, 5),
(708, 2, 82, 6),
(709, 2, 82, 7),
(710, 4, 83, 1),
(711, 5, 83, 1),
(712, 4, 83, 2),
(713, 5, 83, 2),
(714, 4, 83, 3),
(715, 5, 83, 3),
(716, 4, 83, 4),
(717, 5, 83, 4),
(718, 4, 83, 5),
(719, 5, 83, 5),
(720, 4, 83, 6),
(721, 5, 83, 6),
(722, 5, 83, 7),
(723, 5, 84, 1),
(724, 5, 84, 2),
(725, 5, 84, 3),
(726, 5, 84, 4),
(727, 5, 84, 5),
(728, 5, 84, 6),
(729, 5, 84, 7),
(730, 4, 85, 1),
(731, 3, 85, 2),
(732, 4, 85, 2),
(733, 3, 85, 3),
(734, 4, 85, 3),
(735, 3, 85, 4),
(736, 3, 85, 5),
(737, 3, 85, 6),
(738, 3, 85, 7),
(739, 4, 86, 1),
(740, 5, 86, 1),
(741, 4, 86, 2),
(742, 5, 86, 2),
(743, 4, 86, 3),
(744, 5, 86, 3),
(745, 4, 86, 4),
(746, 5, 86, 4),
(747, 4, 86, 5),
(748, 5, 86, 5),
(749, 4, 86, 6),
(750, 5, 86, 6),
(751, 4, 86, 7),
(752, 5, 86, 7),
(753, 5, 87, 1),
(754, 5, 87, 2),
(755, 5, 87, 3),
(756, 5, 87, 4),
(757, 5, 87, 5),
(758, 5, 87, 6),
(759, 5, 87, 7),
(760, 2, 88, 1),
(761, 2, 88, 2),
(762, 2, 88, 3),
(763, 2, 88, 4),
(764, 2, 88, 7),
(765, 2, 88, 5),
(766, 3, 88, 5),
(767, 2, 88, 6),
(768, 3, 88, 6),
(769, 2, 88, 7),
(770, 3, 88, 7),
(771, 4, 89, 1),
(772, 5, 89, 1),
(773, 5, 89, 2),
(774, 5, 89, 3),
(775, 5, 89, 4),
(776, 5, 89, 5),
(777, 5, 89, 6),
(778, 5, 89, 7),
(779, 4, 90, 1),
(780, 5, 90, 1),
(781, 4, 90, 2),
(782, 5, 90, 2),
(783, 4, 90, 3),
(784, 5, 90, 3),
(785, 4, 90, 4),
(786, 5, 90, 4),
(787, 4, 90, 5),
(788, 5, 90, 5),
(789, 4, 90, 6),
(790, 5, 90, 6),
(791, 4, 90, 7),
(792, 5, 90, 7),
(793, 4, 91, 1),
(794, 5, 91, 1),
(795, 4, 91, 2),
(796, 4, 91, 3),
(797, 4, 91, 4),
(798, 3, 91, 5),
(799, 4, 91, 5),
(800, 3, 91, 6),
(801, 4, 91, 6),
(802, 3, 91, 7),
(803, 4, 91, 7),
(804, 4, 92, 1),
(805, 5, 92, 1),
(806, 4, 92, 2),
(807, 5, 92, 2),
(808, 4, 92, 3),
(809, 5, 92, 3),
(810, 4, 92, 4),
(811, 5, 92, 4),
(812, 4, 92, 5),
(813, 5, 92, 5),
(814, 4, 92, 6),
(815, 5, 92, 6),
(816, 4, 92, 7),
(817, 5, 92, 7),
(818, 2, 93, 1),
(819, 2, 93, 2),
(820, 2, 93, 3),
(821, 2, 93, 4),
(822, 2, 93, 5),
(823, 2, 93, 6),
(824, 2, 93, 7),
(825, 4, 94, 1),
(826, 5, 94, 1),
(827, 4, 94, 2),
(828, 5, 94, 2),
(829, 4, 94, 3),
(830, 5, 94, 3),
(831, 5, 94, 4),
(832, 5, 94, 5),
(833, 5, 94, 6),
(834, 5, 94, 7),
(835, 4, 95, 1),
(836, 5, 95, 1),
(837, 4, 95, 2),
(838, 5, 95, 2),
(839, 4, 95, 3),
(840, 5, 95, 3),
(841, 4, 95, 4),
(842, 5, 95, 4),
(843, 4, 95, 5),
(844, 5, 95, 5),
(845, 4, 95, 6),
(846, 5, 95, 6),
(847, 2, 95, 7),
(848, 4, 95, 7),
(849, 4, 96, 1),
(850, 2, 96, 2),
(851, 2, 96, 3),
(852, 2, 96, 4),
(853, 2, 96, 5),
(854, 2, 96, 6),
(855, 2, 96, 7),
(856, 4, 97, 1),
(857, 5, 97, 1),
(858, 5, 97, 2),
(859, 5, 97, 3),
(860, 5, 97, 4),
(861, 5, 97, 5),
(862, 5, 97, 6),
(863, 5, 97, 7),
(864, 2, 98, 1),
(865, 4, 98, 1),
(866, 2, 98, 2),
(867, 2, 98, 3),
(868, 2, 98, 4),
(869, 2, 98, 5),
(870, 2, 98, 6),
(871, 2, 98, 7),
(872, 4, 99, 1),
(873, 5, 99, 1),
(874, 5, 99, 2),
(875, 5, 99, 3),
(876, 5, 99, 4),
(877, 5, 99, 5),
(878, 5, 99, 6),
(879, 5, 99, 7),
(880, 4, 100, 1),
(881, 4, 100, 2),
(882, 4, 100, 3),
(883, 4, 100, 4),
(884, 3, 100, 5),
(885, 3, 100, 6),
(886, 3, 100, 7),
(887, 2, 101, 1),
(888, 2, 101, 2),
(889, 3, 101, 2),
(890, 2, 101, 3),
(891, 3, 101, 3),
(892, 2, 101, 4),
(893, 3, 101, 4),
(894, 2, 101, 5),
(895, 3, 101, 5),
(896, 2, 101, 6),
(897, 3, 101, 6),
(898, 2, 101, 7),
(899, 3, 101, 7),
(900, 4, 102, 1),
(901, 5, 102, 1),
(902, 4, 102, 2),
(903, 5, 102, 2),
(904, 4, 102, 3),
(905, 5, 102, 3),
(906, 4, 102, 4),
(907, 5, 102, 4),
(908, 5, 102, 5),
(909, 5, 102, 6),
(910, 5, 102, 7),
(911, 5, 103, 1),
(912, 5, 103, 2),
(913, 5, 103, 3),
(914, 5, 103, 4),
(915, 5, 103, 5),
(916, 5, 103, 6),
(917, 5, 103, 7),
(918, 2, 104, 1),
(919, 2, 104, 2),
(920, 2, 104, 3),
(921, 2, 104, 4),
(922, 2, 104, 5),
(923, 2, 104, 6),
(924, 2, 104, 7),
(925, 2, 105, 1),
(926, 2, 105, 2),
(927, 2, 105, 3),
(928, 2, 105, 4),
(929, 2, 105, 5),
(930, 2, 105, 6),
(931, 2, 105, 7),
(932, 4, 106, 1),
(933, 5, 106, 1),
(934, 2, 106, 2),
(935, 4, 106, 2),
(936, 2, 106, 3),
(937, 4, 106, 3),
(938, 2, 106, 4),
(939, 2, 106, 5),
(940, 2, 106, 6),
(941, 2, 106, 7),
(942, 2, 107, 1),
(943, 2, 107, 2),
(944, 2, 107, 3),
(945, 2, 107, 4),
(946, 2, 107, 5),
(947, 2, 107, 6),
(948, 2, 107, 7),
(949, 4, 108, 1),
(950, 5, 108, 1),
(951, 4, 108, 2),
(952, 5, 108, 2),
(953, 4, 108, 3),
(954, 5, 108, 3),
(955, 4, 108, 4),
(956, 5, 108, 4),
(957, 4, 108, 5),
(958, 4, 108, 6),
(959, 4, 108, 7),
(960, 4, 109, 1),
(961, 5, 109, 1),
(962, 4, 109, 2),
(963, 5, 109, 2),
(964, 4, 109, 3),
(965, 5, 109, 3),
(966, 4, 109, 4),
(967, 5, 109, 4),
(968, 4, 109, 5),
(969, 5, 109, 5),
(970, 4, 109, 6),
(971, 5, 109, 6),
(972, 4, 109, 7),
(973, 5, 109, 7),
(974, 5, 110, 1),
(975, 5, 110, 2),
(976, 5, 110, 3),
(977, 5, 110, 4),
(978, 5, 110, 5),
(979, 5, 110, 6),
(980, 4, 110, 7),
(981, 5, 110, 7),
(982, 4, 111, 1),
(983, 4, 111, 2),
(984, 4, 111, 3),
(985, 4, 111, 4),
(986, 5, 111, 4),
(987, 4, 111, 5),
(988, 5, 111, 5),
(989, 4, 111, 6),
(990, 5, 111, 6),
(991, 4, 111, 7),
(992, 5, 111, 7),
(993, 4, 112, 1),
(994, 5, 112, 1),
(995, 4, 112, 2),
(996, 5, 112, 2),
(997, 4, 112, 3),
(998, 4, 112, 4),
(999, 4, 112, 5),
(1000, 4, 112, 6),
(1001, 4, 112, 7),
(1002, 2, 113, 1),
(1003, 2, 113, 2),
(1004, 2, 113, 3),
(1005, 2, 113, 4),
(1006, 2, 113, 5),
(1007, 2, 113, 6),
(1008, 2, 113, 7),
(1009, 4, 114, 1),
(1010, 5, 114, 1),
(1011, 4, 114, 2),
(1012, 5, 114, 2),
(1013, 4, 114, 3),
(1014, 4, 114, 4),
(1015, 4, 114, 5),
(1016, 4, 114, 6),
(1017, 4, 114, 7),
(1018, 2, 115, 1),
(1019, 2, 115, 2),
(1020, 2, 115, 3),
(1021, 2, 115, 4),
(1022, 2, 115, 5),
(1023, 2, 115, 6),
(1024, 2, 115, 7),
(1025, 2, 116, 1),
(1026, 2, 116, 2),
(1027, 2, 116, 3),
(1028, 2, 116, 4),
(1029, 2, 116, 5),
(1030, 2, 116, 6),
(1031, 2, 116, 7),
(1032, 2, 117, 1),
(1033, 2, 117, 2),
(1034, 2, 117, 3),
(1035, 2, 117, 4),
(1036, 2, 117, 5),
(1037, 2, 117, 6),
(1038, 2, 117, 7),
(1039, 4, 118, 1),
(1040, 5, 118, 1),
(1041, 4, 118, 2),
(1042, 5, 118, 2),
(1043, 5, 118, 3),
(1044, 5, 118, 4),
(1045, 5, 118, 5),
(1046, 5, 118, 6),
(1047, 5, 118, 7),
(1048, 2, 119, 1),
(1049, 4, 119, 1),
(1050, 2, 119, 2),
(1051, 4, 119, 2),
(1052, 2, 119, 3),
(1053, 4, 119, 3),
(1054, 2, 119, 4),
(1055, 4, 119, 4),
(1056, 2, 119, 5),
(1057, 4, 119, 5),
(1058, 2, 119, 6),
(1059, 4, 119, 6),
(1060, 4, 119, 7),
(1061, 4, 120, 1),
(1062, 5, 120, 1),
(1063, 4, 120, 2),
(1064, 5, 120, 2),
(1065, 4, 120, 3),
(1066, 4, 120, 4),
(1067, 4, 120, 5),
(1068, 4, 120, 6),
(1069, 4, 120, 7),
(1070, 5, 120, 7),
(1071, 4, 121, 1),
(1072, 5, 121, 1),
(1073, 5, 121, 2),
(1074, 5, 121, 3),
(1075, 5, 121, 4),
(1076, 5, 121, 5),
(1077, 5, 121, 6),
(1078, 5, 121, 7),
(1079, 2, 122, 1),
(1080, 4, 122, 1),
(1081, 2, 122, 2),
(1082, 2, 122, 3),
(1083, 2, 122, 4),
(1084, 2, 122, 5),
(1085, 2, 122, 6),
(1086, 2, 122, 7),
(1087, 3, 123, 1),
(1088, 3, 123, 2),
(1089, 3, 123, 3),
(1090, 3, 123, 4),
(1091, 3, 123, 5),
(1092, 3, 123, 6),
(1093, 3, 123, 7);

-- --------------------------------------------------------

--
-- Table structure for table `images`
--

CREATE TABLE `images` (
  `id` bigint(20) UNSIGNED NOT NULL,
  `hero_id` bigint(20) UNSIGNED NOT NULL,
  `path` varchar(255) COLLATE utf8mb4_unicode_ci NOT NULL,
  `created_at` timestamp NULL DEFAULT NULL,
  `updated_at` timestamp NULL DEFAULT NULL
) ENGINE=InnoDB DEFAULT CHARSET=utf8mb4 COLLATE=utf8mb4_unicode_ci;

--
-- Dumping data for table `images`
--

INSERT INTO `images` (`id`, `hero_id`, `path`, `created_at`, `updated_at`) VALUES
(1, 1, 'public/images/1_abaddon.png', '2021-11-30 14:01:37', '2021-11-30 14:01:37'),
(2, 2, 'public/images/2_alchemist.png', '2021-11-30 14:01:37', '2021-11-30 14:01:37'),
(3, 3, 'public/images/3_axe.png', '2021-11-30 14:01:38', '2021-11-30 14:01:38'),
(4, 4, 'public/images/4_beastmaster.png', '2021-11-30 14:01:38', '2021-11-30 14:01:38'),
(5, 5, 'public/images/5_brewmaster.png', '2021-11-30 14:01:39', '2021-11-30 14:01:39'),
(6, 6, 'public/images/6_bristleback.png', '2021-11-30 14:01:39', '2021-11-30 14:01:39'),
(7, 7, 'public/images/7_centaur-warrunner.png', '2021-11-30 14:01:39', '2021-11-30 14:01:39'),
(8, 8, 'public/images/8_chaos-knight.png', '2021-11-30 14:01:40', '2021-11-30 14:01:40'),
(9, 9, 'public/images/9_clockwerk.png', '2021-11-30 14:01:40', '2021-11-30 14:01:40'),
(10, 10, 'public/images/10_dawnbreaker.png', '2021-11-30 14:01:41', '2021-11-30 14:01:41'),
(11, 11, 'public/images/11_doom.png', '2021-11-30 14:01:41', '2021-11-30 14:01:41'),
(12, 12, 'public/images/12_dragon-knight.png', '2021-11-30 14:01:41', '2021-11-30 14:01:41'),
(13, 13, 'public/images/13_earth-spirit.png', '2021-11-30 14:01:42', '2021-11-30 14:01:42'),
(14, 14, 'public/images/14_earthshaker.png', '2021-11-30 14:01:42', '2021-11-30 14:01:42'),
(15, 15, 'public/images/15_elder-titan.png', '2021-11-30 14:01:43', '2021-11-30 14:01:43'),
(16, 16, 'public/images/16_huskar.png', '2021-11-30 14:01:43', '2021-11-30 14:01:43'),
(17, 17, 'public/images/17_io.png', '2021-11-30 14:01:43', '2021-11-30 14:01:43'),
(18, 18, 'public/images/18_kunkka.png', '2021-11-30 14:01:44', '2021-11-30 14:01:44'),
(19, 19, 'public/images/19_legion-commander.png', '2021-11-30 14:01:44', '2021-11-30 14:01:44'),
(20, 20, 'public/images/20_lifestealer.png', '2021-11-30 14:01:45', '2021-11-30 14:01:45'),
(21, 21, 'public/images/21_lycan.png', '2021-11-30 14:01:45', '2021-11-30 14:01:45'),
(22, 22, 'public/images/22_magnus.png', '2021-11-30 14:01:45', '2021-11-30 14:01:45'),
(23, 23, 'public/images/23_marci.png', '2021-11-30 14:01:46', '2021-11-30 14:01:46'),
(24, 24, 'public/images/24_mars.png', '2021-11-30 14:01:46', '2021-11-30 14:01:46'),
(25, 25, 'public/images/25_night-stalker.png', '2021-11-30 14:01:47', '2021-11-30 14:01:47'),
(26, 26, 'public/images/26_omniknight.png', '2021-11-30 14:01:47', '2021-11-30 14:01:47'),
(27, 27, 'public/images/27_phoenix.png', '2021-11-30 14:01:48', '2021-11-30 14:01:48'),
(28, 28, 'public/images/28_pudge.png', '2021-11-30 14:01:48', '2021-11-30 14:01:48'),
(29, 29, 'public/images/29_sand-king.png', '2021-11-30 14:01:49', '2021-11-30 14:01:49'),
(30, 30, 'public/images/30_slardar.png', '2021-11-30 14:01:49', '2021-11-30 14:01:49'),
(31, 31, 'public/images/31_snapfire.png', '2021-11-30 14:01:49', '2021-11-30 14:01:49'),
(32, 32, 'public/images/32_spirit-breaker.png', '2021-11-30 14:01:50', '2021-11-30 14:01:50'),
(33, 33, 'public/images/33_sven.png', '2021-11-30 14:01:50', '2021-11-30 14:01:50'),
(34, 34, 'public/images/34_tidehunter.png', '2021-11-30 14:01:51', '2021-11-30 14:01:51'),
(35, 35, 'public/images/35_timbersaw.png', '2021-11-30 14:01:51', '2021-11-30 14:01:51'),
(36, 36, 'public/images/36_tiny.png', '2021-11-30 14:01:51', '2021-11-30 14:01:51'),
(37, 37, 'public/images/37_treant-protector.png', '2021-11-30 14:01:52', '2021-11-30 14:01:52'),
(38, 38, 'public/images/38_tusk.png', '2021-11-30 14:01:52', '2021-11-30 14:01:52'),
(39, 39, 'public/images/39_underlord.png', '2021-11-30 14:01:53', '2021-11-30 14:01:53'),
(40, 40, 'public/images/40_undying.png', '2021-11-30 14:01:53', '2021-11-30 14:01:53'),
(41, 41, 'public/images/41_wraith-king.png', '2021-11-30 14:01:53', '2021-11-30 14:01:53'),
(42, 42, 'public/images/42_anti-mage.png', '2021-11-30 14:01:54', '2021-11-30 14:01:54'),
(43, 43, 'public/images/43_arc-warden.png', '2021-11-30 14:01:54', '2021-11-30 14:01:54'),
(44, 44, 'public/images/44_bounty-hunter.png', '2021-11-30 14:01:55', '2021-11-30 14:01:55'),
(45, 45, 'public/images/45_bloodseeker.png', '2021-11-30 14:01:55', '2021-11-30 14:01:55'),
(46, 46, 'public/images/46_broodmother.png', '2021-11-30 14:01:56', '2021-11-30 14:01:56'),
(47, 47, 'public/images/47_clinkz.png', '2021-11-30 14:01:56', '2021-11-30 14:01:56'),
(48, 48, 'public/images/48_drow-ranger.png', '2021-11-30 14:01:56', '2021-11-30 14:01:56'),
(49, 49, 'public/images/49_ember-spirit.png', '2021-11-30 14:01:57', '2021-11-30 14:01:57'),
(50, 50, 'public/images/50_faceless-void.png', '2021-11-30 14:01:57', '2021-11-30 14:01:57'),
(51, 51, 'public/images/51_gyrocopter.png', '2021-11-30 14:01:58', '2021-11-30 14:01:58'),
(52, 52, 'public/images/52_hoodwink.png', '2021-11-30 14:01:58', '2021-11-30 14:01:58'),
(53, 53, 'public/images/53_juggernaut.png', '2021-11-30 14:01:58', '2021-11-30 14:01:58'),
(54, 54, 'public/images/54_lone-druid.png', '2021-11-30 14:01:59', '2021-11-30 14:01:59'),
(55, 55, 'public/images/55_luna.png', '2021-11-30 14:01:59', '2021-11-30 14:01:59'),
(56, 56, 'public/images/56_medusa.png', '2021-11-30 14:02:00', '2021-11-30 14:02:00'),
(57, 57, 'public/images/57_meepo.png', '2021-11-30 14:02:00', '2021-11-30 14:02:00'),
(58, 58, 'public/images/58_mirana.png', '2021-11-30 14:02:00', '2021-11-30 14:02:00'),
(59, 59, 'public/images/59_monkey-king.png', '2021-11-30 14:02:01', '2021-11-30 14:02:01'),
(60, 60, 'public/images/60_morphling.png', '2021-11-30 14:02:01', '2021-11-30 14:02:01'),
(61, 61, 'public/images/61_naga-siren.png', '2021-11-30 14:02:02', '2021-11-30 14:02:02'),
(62, 62, 'public/images/62_nyx-assassin.png', '2021-11-30 14:02:02', '2021-11-30 14:02:02'),
(63, 63, 'public/images/63_pangolier.png', '2021-11-30 14:02:02', '2021-11-30 14:02:02'),
(64, 64, 'public/images/64_phantom-assassin.png', '2021-11-30 14:02:03', '2021-11-30 14:02:03'),
(65, 65, 'public/images/65_phantom-lancer.png', '2021-11-30 14:02:03', '2021-11-30 14:02:03'),
(66, 66, 'public/images/66_razor.png', '2021-11-30 14:02:04', '2021-11-30 14:02:04'),
(67, 67, 'public/images/67_riki.png', '2021-11-30 14:02:04', '2021-11-30 14:02:04'),
(68, 68, 'public/images/68_shadow-fiend.png', '2021-11-30 14:02:04', '2021-11-30 14:02:04'),
(69, 69, 'public/images/69_slark.png', '2021-11-30 14:02:05', '2021-11-30 14:02:05'),
(70, 70, 'public/images/70_sniper.png', '2021-11-30 14:02:05', '2021-11-30 14:02:05'),
(71, 71, 'public/images/71_spectre.png', '2021-11-30 14:02:06', '2021-11-30 14:02:06'),
(72, 72, 'public/images/72_templar-assassin.png', '2021-11-30 14:02:06', '2021-11-30 14:02:06'),
(73, 73, 'public/images/73_terrorblade.png', '2021-11-30 14:02:06', '2021-11-30 14:02:06'),
(74, 74, 'public/images/74_troll-warlord.png', '2021-11-30 14:02:07', '2021-11-30 14:02:07'),
(75, 75, 'public/images/75_ursa.png', '2021-11-30 14:02:07', '2021-11-30 14:02:07'),
(76, 76, 'public/images/76_vengeful-spirit.png', '2021-11-30 14:02:07', '2021-11-30 14:02:07'),
(77, 77, 'public/images/77_venomancer.png', '2021-11-30 14:02:08', '2021-11-30 14:02:08'),
(78, 78, 'public/images/78_viper.png', '2021-11-30 14:02:08', '2021-11-30 14:02:08'),
(79, 79, 'public/images/79_weaver.png', '2021-11-30 14:02:09', '2021-11-30 14:02:09'),
(80, 80, 'public/images/80_ancient-apparition.png', '2021-11-30 14:02:09', '2021-11-30 14:02:09'),
(81, 81, 'public/images/81_bane.png', '2021-11-30 14:02:09', '2021-11-30 14:02:09'),
(82, 82, 'public/images/82_batrider.png', '2021-11-30 14:02:10', '2021-11-30 14:02:10'),
(83, 83, 'public/images/83_chen.png', '2021-11-30 14:02:10', '2021-11-30 14:02:10'),
(84, 84, 'public/images/84_crystal-maiden.png', '2021-11-30 14:02:11', '2021-11-30 14:02:11'),
(85, 85, 'public/images/85_dark-seer.png', '2021-11-30 14:02:11', '2021-11-30 14:02:11'),
(86, 86, 'public/images/86_dark-willow.png', '2021-11-30 14:02:11', '2021-11-30 14:02:11'),
(87, 87, 'public/images/87_dazzle.png', '2021-11-30 14:02:12', '2021-11-30 14:02:12'),
(88, 88, 'public/images/88_death-prophet.png', '2021-11-30 14:02:12', '2021-11-30 14:02:12'),
(89, 89, 'public/images/89_disruptor.png', '2021-11-30 14:02:13', '2021-11-30 14:02:13'),
(90, 90, 'public/images/90_enchantress.png', '2021-11-30 14:02:13', '2021-11-30 14:02:13'),
(91, 91, 'public/images/91_enigma.png', '2021-11-30 14:02:13', '2021-11-30 14:02:13'),
(92, 92, 'public/images/92_grimstroke.png', '2021-11-30 14:02:14', '2021-11-30 14:02:14'),
(93, 93, 'public/images/93_invoker.png', '2021-11-30 14:02:14', '2021-11-30 14:02:14'),
(94, 94, 'public/images/94_jakiro.png', '2021-11-30 14:02:15', '2021-11-30 14:02:15'),
(95, 95, 'public/images/95_keeper-of-the-light.png', '2021-11-30 14:02:15', '2021-11-30 14:02:15'),
(96, 96, 'public/images/96_leshrac.png', '2021-11-30 14:02:15', '2021-11-30 14:02:15'),
(97, 97, 'public/images/97_lich.png', '2021-11-30 14:02:16', '2021-11-30 14:02:16'),
(98, 98, 'public/images/98_lina.png', '2021-11-30 14:02:16', '2021-11-30 14:02:16'),
(99, 99, 'public/images/99_lion.png', '2021-11-30 14:02:17', '2021-11-30 14:02:17'),
(100, 100, 'public/images/100_natures-prophet.png', '2021-11-30 14:02:17', '2021-11-30 14:02:17'),
(101, 101, 'public/images/101_necrophos.png', '2021-11-30 14:02:18', '2021-11-30 14:02:18'),
(102, 102, 'public/images/102_ogre-magi.png', '2021-11-30 14:02:18', '2021-11-30 14:02:18'),
(103, 103, 'public/images/103_oracle.png', '2021-11-30 14:02:18', '2021-11-30 14:02:18'),
(104, 104, 'public/images/104_outworld-destroyer.png', '2021-11-30 14:02:19', '2021-11-30 14:02:19'),
(105, 105, 'public/images/105_puck.png', '2021-11-30 14:02:19', '2021-11-30 14:02:19'),
(106, 106, 'public/images/106_pugna.png', '2021-11-30 14:02:19', '2021-11-30 14:02:19'),
(107, 107, 'public/images/107_queen-of-pain.png', '2021-11-30 14:02:20', '2021-11-30 14:02:20'),
(108, 108, 'public/images/108_rubick.png', '2021-11-30 14:02:20', '2021-11-30 14:02:20'),
(109, 109, 'public/images/109_shadow-demon.png', '2021-11-30 14:02:21', '2021-11-30 14:02:21'),
(110, 110, 'public/images/110_shadow-shaman.png', '2021-11-30 14:02:21', '2021-11-30 14:02:21'),
(111, 111, 'public/images/111_silencer.png', '2021-11-30 14:02:21', '2021-11-30 14:02:21'),
(112, 112, 'public/images/112_skywrath-mage.png', '2021-11-30 14:02:22', '2021-11-30 14:02:22'),
(113, 113, 'public/images/113_storm-spirit.png', '2021-11-30 14:02:22', '2021-11-30 14:02:22'),
(114, 114, 'public/images/114_techies.png', '2021-11-30 14:02:23', '2021-11-30 14:02:23'),
(115, 115, 'public/images/115_tinker.png', '2021-11-30 14:02:23', '2021-11-30 14:02:23'),
(116, 116, 'public/images/116_visage.png', '2021-11-30 14:02:23', '2021-11-30 14:02:23'),
(117, 117, 'public/images/117_void-spirit.png', '2021-11-30 14:02:24', '2021-11-30 14:02:24'),
(118, 118, 'public/images/118_warlock.png', '2021-11-30 14:02:24', '2021-11-30 14:02:24'),
(119, 119, 'public/images/119_windranger.png', '2021-11-30 14:02:25', '2021-11-30 14:02:25'),
(120, 120, 'public/images/120_winter-wyvern.png', '2021-11-30 14:02:25', '2021-11-30 14:02:25'),
(121, 121, 'public/images/121_witch-doctor.png', '2021-11-30 14:02:26', '2021-11-30 14:02:26'),
(122, 122, 'public/images/122_zeus.png', '2021-11-30 14:02:26', '2021-11-30 14:02:26'),
(123, 123, 'public/images/123_primal-beast.png', '2022-04-14 10:06:22', '2022-04-14 10:06:22');

-- --------------------------------------------------------

--
-- Table structure for table `items`
--

CREATE TABLE `items` (
  `id` bigint(20) UNSIGNED NOT NULL,
  `name` varchar(255) COLLATE utf8mb4_unicode_ci NOT NULL,
  `image_url` varchar(255) COLLATE utf8mb4_unicode_ci NOT NULL,
  `created_at` timestamp NULL DEFAULT NULL,
  `updated_at` timestamp NULL DEFAULT NULL
) ENGINE=InnoDB DEFAULT CHARSET=utf8mb4 COLLATE=utf8mb4_unicode_ci;

-- --------------------------------------------------------

--
-- Table structure for table `migrations`
--

CREATE TABLE `migrations` (
  `id` int(10) UNSIGNED NOT NULL,
  `migration` varchar(255) COLLATE utf8mb4_unicode_ci NOT NULL,
  `batch` int(11) NOT NULL
) ENGINE=InnoDB DEFAULT CHARSET=utf8mb4 COLLATE=utf8mb4_unicode_ci;

--
-- Dumping data for table `migrations`
--

INSERT INTO `migrations` (`id`, `migration`, `batch`) VALUES
(1, '2014_10_12_000000_create_users_table', 1),
(2, '2014_10_12_100000_create_password_resets_table', 1),
(3, '2019_08_19_000000_create_failed_jobs_table', 1),
(4, '2019_12_14_000001_create_personal_access_tokens_table', 1),
(5, '2022_04_12_135509_create_heroes_table', 1),
(6, '2021_11_28_112854_create_items_table', 1),
(7, '2022_04_12_140803_create_strong_opponents_table', 1),
(9, '2021_11_28_114049_create_counter_reasons_table', 1),
(10, '2022_04_12_140258_create_categories_table', 1),
(11, '2022_04_12_135823_create_images_table', 2),
(12, '2022_04_17_081639_create_ranks_table', 3),
(13, '2022_04_17_084645_create_positions_table', 4),
(14, '2022_04_17_092714_create_hero_positions_table', 4),
(15, '2022_05_02_081432_create_weak_opponents_table', 5);

-- --------------------------------------------------------

--
-- Table structure for table `password_resets`
--

CREATE TABLE `password_resets` (
  `email` varchar(255) COLLATE utf8mb4_unicode_ci NOT NULL,
  `token` varchar(255) COLLATE utf8mb4_unicode_ci NOT NULL,
  `created_at` timestamp NULL DEFAULT NULL
) ENGINE=InnoDB DEFAULT CHARSET=utf8mb4 COLLATE=utf8mb4_unicode_ci;

-- --------------------------------------------------------

--
-- Table structure for table `personal_access_tokens`
--

CREATE TABLE `personal_access_tokens` (
  `id` bigint(20) UNSIGNED NOT NULL,
  `tokenable_type` varchar(255) COLLATE utf8mb4_unicode_ci NOT NULL,
  `tokenable_id` bigint(20) UNSIGNED NOT NULL,
  `name` varchar(255) COLLATE utf8mb4_unicode_ci NOT NULL,
  `token` varchar(64) COLLATE utf8mb4_unicode_ci NOT NULL,
  `abilities` text COLLATE utf8mb4_unicode_ci DEFAULT NULL,
  `last_used_at` timestamp NULL DEFAULT NULL,
  `created_at` timestamp NULL DEFAULT NULL,
  `updated_at` timestamp NULL DEFAULT NULL
) ENGINE=InnoDB DEFAULT CHARSET=utf8mb4 COLLATE=utf8mb4_unicode_ci;

--
-- Dumping data for table `personal_access_tokens`
--

INSERT INTO `personal_access_tokens` (`id`, `tokenable_type`, `tokenable_id`, `name`, `token`, `abilities`, `last_used_at`, `created_at`, `updated_at`) VALUES
(11, 'App\\Models\\User', 1, 'api_token', 'a99a6539f9b777192f926364fc37ec514c5347c35b17daadf51b474e9aa2a0ea', '[\"*\"]', NULL, '2022-05-03 06:18:31', '2022-05-03 06:18:31'),
(12, 'App\\Models\\User', 1, 'api_token', 'b27e167da185b876dfab6e1bfa2f76554fc8733a77e663729559b1ac4c21a0d3', '[\"*\"]', NULL, '2022-05-03 06:19:18', '2022-05-03 06:19:18'),
(13, 'App\\Models\\User', 1, 'api_token', 'd5eda256c67c165b80260ed011b67c045475e5c8f8bfabf84f2c9f9caa19e5ae', '[\"*\"]', NULL, '2022-05-03 06:22:29', '2022-05-03 06:22:29');

-- --------------------------------------------------------

--
-- Table structure for table `positions`
--

CREATE TABLE `positions` (
  `id` bigint(20) UNSIGNED NOT NULL,
  `title` varchar(30) COLLATE utf8mb4_unicode_ci NOT NULL,
  `position` tinyint(4) NOT NULL
) ENGINE=InnoDB DEFAULT CHARSET=utf8mb4 COLLATE=utf8mb4_unicode_ci;

--
-- Dumping data for table `positions`
--

INSERT INTO `positions` (`id`, `title`, `position`) VALUES
(34, 'Safe Lane', 1),
(35, 'Mid Lane', 2),
(36, 'Off Lane', 3),
(37, 'Soft Support', 4),
(38, 'Hard Support', 5);

-- --------------------------------------------------------

--
-- Table structure for table `ranks`
--

CREATE TABLE `ranks` (
  `id` bigint(20) UNSIGNED NOT NULL,
  `title` varchar(50) COLLATE utf8mb4_unicode_ci NOT NULL
) ENGINE=InnoDB DEFAULT CHARSET=utf8mb4 COLLATE=utf8mb4_unicode_ci;

--
-- Dumping data for table `ranks`
--

INSERT INTO `ranks` (`id`, `title`) VALUES
(1, 'Herald'),
(2, 'Guardian'),
(3, 'Crusader'),
(4, 'Archon'),
(5, 'Legend'),
(6, 'Ancient'),
(7, 'Divine');

-- --------------------------------------------------------

--
-- Table structure for table `strong_opponents`
--

CREATE TABLE `strong_opponents` (
  `id` bigint(20) UNSIGNED NOT NULL,
  `hero_id` bigint(20) UNSIGNED NOT NULL,
  `strong_opponent_id` bigint(20) UNSIGNED NOT NULL
) ENGINE=InnoDB DEFAULT CHARSET=utf8mb4 COLLATE=utf8mb4_unicode_ci;

--
-- Dumping data for table `strong_opponents`
--

INSERT INTO `strong_opponents` (`id`, `hero_id`, `strong_opponent_id`) VALUES
(1, 1, 80),
(2, 1, 3),
(3, 1, 5),
(4, 1, 11),
(5, 1, 98),
(6, 1, 104),
(7, 1, 109),
(8, 2, 80),
(9, 2, 93),
(10, 2, 90),
(11, 2, 18),
(12, 2, 20),
(13, 2, 101),
(14, 2, 30),
(15, 2, 69),
(16, 2, 75),
(17, 2, 49),
(18, 2, 66),
(19, 3, 11),
(20, 3, 94),
(21, 3, 20),
(22, 3, 101),
(23, 3, 27),
(24, 3, 104),
(25, 3, 106),
(26, 3, 109),
(27, 3, 71),
(28, 3, 35),
(29, 3, 75),
(30, 3, 40),
(31, 3, 77),
(32, 3, 78),
(33, 4, 1),
(34, 4, 84),
(35, 4, 90),
(36, 4, 14),
(37, 4, 95),
(38, 4, 103),
(39, 4, 35),
(40, 4, 120),
(41, 5, 81),
(42, 5, 104),
(43, 5, 99),
(44, 5, 88),
(45, 5, 112),
(46, 5, 110),
(47, 6, 42),
(48, 6, 50),
(49, 6, 11),
(50, 6, 92),
(51, 6, 19),
(52, 6, 52),
(53, 6, 99),
(54, 6, 101),
(55, 6, 104),
(56, 6, 66),
(57, 6, 111),
(58, 6, 30),
(59, 6, 35),
(60, 6, 78),
(61, 6, 79),
(62, 7, 9),
(63, 7, 89),
(64, 7, 18),
(65, 7, 20),
(66, 7, 101),
(67, 7, 62),
(68, 7, 72),
(69, 8, 1),
(70, 8, 42),
(71, 8, 3),
(72, 8, 5),
(73, 8, 12),
(74, 8, 14),
(75, 8, 90),
(76, 8, 91),
(77, 8, 94),
(78, 8, 97),
(79, 8, 22),
(80, 8, 59),
(81, 8, 26),
(82, 8, 65),
(83, 8, 105),
(84, 8, 29),
(85, 8, 33),
(86, 8, 34),
(87, 8, 35),
(88, 8, 115),
(89, 8, 120),
(90, 8, 121),
(91, 9, 42),
(92, 9, 83),
(93, 9, 47),
(94, 9, 87),
(95, 9, 89),
(96, 9, 49),
(97, 9, 16),
(98, 9, 53),
(99, 9, 20),
(100, 9, 60),
(101, 9, 26),
(102, 9, 65),
(103, 9, 27),
(104, 9, 107),
(105, 9, 73),
(106, 9, 75),
(107, 9, 116),
(108, 10, 78),
(109, 10, 62),
(110, 10, 48),
(111, 10, 89),
(112, 10, 50),
(113, 14, 9),
(114, 14, 88),
(115, 14, 89),
(116, 14, 13),
(117, 14, 94),
(118, 14, 20),
(119, 14, 101),
(120, 14, 104),
(121, 14, 105),
(122, 14, 66),
(123, 14, 112),
(124, 14, 70),
(125, 14, 71),
(126, 14, 72),
(127, 14, 77),
(128, 14, 78),
(129, 14, 122),
(130, 15, 5),
(131, 15, 9),
(132, 15, 97),
(133, 15, 99),
(134, 15, 33),
(135, 15, 53),
(136, 15, 90),
(137, 15, 14),
(138, 16, 1),
(139, 16, 2),
(140, 16, 80),
(141, 16, 3),
(142, 16, 6),
(143, 16, 90),
(144, 16, 45),
(145, 16, 53),
(146, 16, 20),
(147, 16, 61),
(148, 16, 30),
(149, 16, 75),
(150, 16, 78),
(151, 16, 119),
(152, 16, 101),
(153, 17, 80),
(154, 17, 47),
(155, 17, 6),
(156, 17, 45),
(157, 17, 89),
(158, 17, 92),
(159, 17, 19),
(160, 17, 96),
(161, 17, 97),
(162, 17, 55),
(163, 17, 64),
(164, 17, 70),
(165, 17, 32),
(166, 17, 37),
(167, 17, 120),
(168, 18, 47),
(169, 18, 75),
(170, 18, 111),
(171, 18, 58),
(172, 18, 27),
(173, 18, 26),
(174, 18, 16),
(175, 18, 53),
(176, 18, 20),
(177, 18, 70),
(178, 18, 104),
(179, 11, 2),
(180, 11, 7),
(181, 11, 56),
(182, 11, 54),
(183, 11, 20),
(184, 11, 48),
(185, 11, 101),
(186, 11, 65),
(187, 11, 70),
(188, 11, 78),
(189, 11, 41),
(190, 12, 80),
(191, 12, 6),
(192, 12, 75),
(193, 12, 101),
(194, 12, 97),
(195, 12, 48),
(196, 12, 104),
(197, 12, 66),
(198, 12, 35),
(199, 12, 78),
(200, 13, 1),
(201, 13, 69),
(202, 13, 114),
(203, 13, 21),
(204, 13, 9),
(205, 19, 1),
(206, 19, 81),
(207, 19, 43),
(208, 19, 87),
(209, 19, 12),
(210, 19, 17),
(211, 19, 55),
(212, 19, 24),
(213, 19, 56),
(214, 19, 26),
(215, 19, 103),
(216, 19, 63),
(217, 19, 106),
(218, 19, 66),
(219, 19, 112),
(220, 19, 33),
(221, 19, 37),
(222, 19, 39),
(223, 19, 75),
(224, 19, 116),
(225, 19, 76),
(226, 19, 120),
(227, 20, 80),
(228, 20, 81),
(229, 20, 4),
(230, 20, 8),
(231, 20, 47),
(232, 20, 73),
(233, 20, 65),
(234, 20, 69),
(235, 20, 75),
(236, 20, 79),
(237, 20, 119),
(238, 21, 3),
(239, 21, 4),
(240, 21, 45),
(241, 21, 6),
(242, 21, 14),
(243, 21, 91),
(244, 21, 90),
(245, 21, 92),
(246, 21, 18),
(247, 21, 56),
(248, 21, 26),
(249, 21, 64),
(250, 21, 33),
(251, 21, 34),
(252, 21, 35),
(253, 21, 120),
(254, 22, 2),
(255, 22, 94),
(256, 22, 16),
(257, 22, 89),
(258, 22, 45),
(259, 22, 25),
(260, 22, 27),
(261, 22, 66),
(262, 22, 108),
(263, 22, 70),
(264, 22, 71),
(265, 22, 37),
(266, 22, 115),
(267, 22, 77),
(268, 22, 41),
(269, 22, 122),
(270, 23, 3),
(271, 23, 20),
(272, 23, 88),
(273, 23, 86),
(274, 23, 45),
(275, 23, 21),
(276, 23, 101),
(277, 23, 63),
(278, 23, 79),
(279, 24, 3),
(280, 24, 67),
(281, 24, 20),
(282, 24, 82),
(283, 24, 50),
(284, 24, 16),
(285, 24, 98),
(286, 24, 101),
(287, 24, 102),
(288, 24, 104),
(289, 24, 106),
(290, 24, 63),
(291, 24, 68),
(292, 24, 113),
(293, 24, 39),
(294, 24, 40),
(295, 24, 77),
(296, 24, 78),
(297, 24, 38),
(298, 24, 122),
(299, 25, 8),
(300, 25, 21),
(301, 25, 33),
(302, 25, 65),
(303, 25, 61),
(304, 25, 74),
(305, 26, 5),
(306, 26, 11),
(307, 26, 93),
(308, 26, 55),
(309, 26, 61),
(310, 26, 103),
(311, 26, 104),
(312, 26, 108),
(313, 26, 111),
(314, 26, 33),
(315, 27, 25),
(316, 27, 43),
(317, 27, 111),
(318, 27, 75),
(319, 27, 16),
(320, 27, 57),
(321, 27, 45),
(322, 27, 78),
(323, 27, 101),
(324, 27, 31),
(325, 28, 1),
(326, 28, 42),
(327, 28, 6),
(328, 28, 44),
(329, 28, 11),
(330, 28, 87),
(331, 28, 19),
(332, 28, 20),
(333, 28, 58),
(334, 28, 59),
(335, 28, 101),
(336, 28, 25),
(337, 28, 62),
(338, 28, 104),
(339, 28, 30),
(340, 28, 69),
(341, 28, 34),
(342, 28, 35),
(343, 28, 79),
(344, 29, 13),
(345, 29, 27),
(346, 29, 108),
(347, 29, 111),
(348, 29, 34),
(349, 29, 122),
(350, 30, 1),
(351, 30, 57),
(352, 30, 65),
(353, 30, 103),
(354, 30, 27),
(355, 31, 42),
(356, 31, 1),
(357, 31, 53),
(358, 31, 80),
(359, 31, 62),
(360, 31, 111),
(361, 31, 28),
(362, 32, 26),
(363, 32, 9),
(364, 32, 49),
(365, 32, 104),
(366, 32, 91),
(367, 32, 93),
(368, 32, 56),
(369, 32, 27),
(370, 32, 57),
(371, 32, 66),
(372, 32, 37),
(373, 32, 39),
(374, 32, 40),
(375, 33, 9),
(376, 33, 106),
(377, 33, 20),
(378, 33, 66),
(379, 33, 26),
(380, 33, 71),
(381, 33, 74),
(382, 33, 73),
(383, 33, 72),
(384, 33, 77),
(385, 33, 120),
(386, 33, 41),
(387, 34, 42),
(388, 34, 88),
(389, 34, 62),
(390, 34, 108),
(391, 34, 53),
(392, 34, 66),
(393, 34, 69),
(394, 34, 75),
(395, 35, 81),
(396, 35, 11),
(397, 35, 49),
(398, 35, 50),
(399, 35, 93),
(400, 35, 99),
(401, 35, 101),
(402, 35, 104),
(403, 35, 63),
(404, 35, 106),
(405, 35, 110),
(406, 35, 112),
(407, 35, 111),
(408, 35, 113),
(409, 35, 78),
(410, 35, 122),
(411, 36, 6),
(412, 36, 20),
(413, 36, 53),
(414, 36, 99),
(415, 36, 101),
(416, 36, 30),
(417, 36, 78),
(418, 37, 59),
(419, 37, 108),
(420, 37, 65),
(421, 37, 30),
(422, 37, 35),
(423, 38, 42),
(424, 38, 13),
(425, 38, 89),
(426, 38, 14),
(427, 38, 65),
(428, 38, 66),
(429, 38, 114),
(430, 39, 101),
(431, 39, 66),
(432, 39, 55),
(433, 39, 89),
(434, 39, 18),
(435, 39, 11),
(436, 39, 70),
(437, 39, 104),
(438, 39, 120),
(439, 39, 108),
(440, 39, 68),
(441, 39, 75),
(442, 40, 2),
(443, 40, 14),
(444, 40, 51),
(445, 40, 55),
(446, 40, 101),
(447, 40, 111),
(448, 41, 42),
(449, 41, 8),
(450, 41, 46),
(451, 41, 93),
(452, 41, 53),
(453, 41, 99),
(454, 41, 59),
(455, 41, 65),
(456, 41, 67),
(457, 41, 69),
(458, 41, 73),
(459, 41, 79),
(460, 42, 3),
(461, 42, 81),
(462, 42, 89),
(463, 42, 11),
(464, 42, 92),
(465, 42, 19),
(466, 42, 57),
(467, 42, 25),
(468, 42, 104),
(469, 42, 105),
(470, 42, 64),
(471, 42, 30),
(472, 42, 69),
(473, 42, 109),
(474, 42, 72),
(475, 42, 74),
(476, 42, 78),
(477, 43, 46),
(478, 43, 93),
(479, 43, 42),
(480, 43, 3),
(481, 43, 6),
(482, 43, 8),
(483, 43, 57),
(484, 43, 61),
(485, 43, 67),
(486, 43, 65),
(487, 43, 106),
(488, 45, 1),
(489, 45, 50),
(490, 45, 49),
(491, 45, 87),
(492, 45, 56),
(493, 45, 60),
(494, 45, 26),
(495, 45, 113),
(496, 45, 115),
(497, 45, 74),
(498, 45, 39),
(499, 45, 41),
(500, 44, 45),
(501, 44, 88),
(502, 44, 55),
(503, 44, 108),
(504, 44, 30),
(505, 44, 71),
(506, 44, 32),
(507, 44, 77),
(508, 44, 78),
(509, 44, 122),
(510, 46, 2),
(511, 46, 3),
(512, 46, 12),
(513, 46, 85),
(514, 46, 6),
(515, 46, 80),
(516, 46, 14),
(517, 46, 15),
(518, 46, 49),
(519, 46, 18),
(520, 46, 19),
(521, 46, 98),
(522, 46, 57),
(523, 46, 101),
(524, 46, 63),
(525, 46, 29),
(526, 46, 68),
(527, 46, 113),
(528, 46, 33),
(529, 46, 34),
(530, 46, 35),
(531, 46, 117),
(532, 47, 45),
(533, 47, 44),
(534, 47, 11),
(535, 47, 90),
(536, 47, 99),
(537, 47, 60),
(538, 47, 30),
(539, 47, 71),
(540, 47, 32),
(541, 47, 37),
(542, 47, 120),
(543, 47, 122),
(544, 48, 50),
(545, 48, 115),
(546, 48, 43),
(547, 48, 38),
(548, 48, 3),
(549, 48, 9),
(550, 48, 8),
(551, 48, 16),
(552, 48, 21),
(553, 48, 62),
(554, 48, 26),
(555, 48, 65),
(556, 48, 28),
(557, 48, 66),
(558, 48, 67),
(559, 48, 69),
(560, 49, 99),
(561, 49, 68),
(562, 49, 111),
(563, 49, 113),
(564, 49, 50),
(565, 49, 26),
(566, 49, 104),
(567, 49, 62),
(568, 49, 18),
(569, 50, 1),
(570, 50, 59),
(571, 50, 13),
(572, 50, 87),
(573, 50, 10),
(574, 50, 5),
(575, 50, 18),
(576, 50, 92),
(577, 50, 25),
(578, 50, 26),
(579, 50, 27),
(580, 50, 28),
(581, 50, 109),
(582, 50, 111),
(583, 50, 33),
(584, 50, 76),
(585, 51, 42),
(586, 51, 43),
(587, 51, 16),
(588, 51, 50),
(589, 51, 53),
(590, 51, 98),
(591, 51, 20),
(592, 51, 26),
(593, 51, 107),
(594, 51, 35),
(595, 52, 113),
(596, 52, 35),
(597, 52, 4),
(598, 52, 76),
(599, 52, 37),
(600, 52, 118),
(601, 52, 69),
(602, 52, 119),
(603, 52, 122),
(604, 52, 114),
(605, 52, 47),
(606, 52, 62),
(607, 53, 3),
(608, 53, 81),
(609, 53, 8),
(610, 53, 91),
(611, 53, 24),
(612, 53, 106),
(613, 53, 26),
(614, 53, 104),
(615, 53, 75),
(616, 53, 28),
(617, 53, 19),
(618, 54, 64),
(619, 54, 101),
(620, 54, 6),
(621, 54, 92),
(622, 54, 104),
(623, 54, 39),
(624, 54, 120),
(625, 54, 97),
(626, 54, 115),
(627, 54, 88),
(628, 54, 27),
(629, 55, 6),
(630, 55, 46),
(631, 55, 53),
(632, 55, 98),
(633, 55, 57),
(634, 55, 65),
(635, 55, 28),
(636, 55, 70),
(637, 55, 69),
(638, 55, 114),
(639, 55, 115),
(640, 55, 122),
(641, 56, 42),
(642, 56, 43),
(643, 56, 81),
(644, 56, 46),
(645, 56, 93),
(646, 56, 95),
(647, 56, 62),
(648, 56, 65),
(649, 56, 106),
(650, 56, 67),
(651, 56, 69),
(652, 56, 70),
(653, 56, 75),
(654, 56, 24),
(655, 57, 3),
(656, 57, 14),
(657, 57, 15),
(658, 57, 49),
(659, 57, 18),
(660, 57, 99),
(661, 57, 24),
(662, 57, 59),
(663, 57, 63),
(664, 57, 64),
(665, 57, 33),
(666, 57, 114),
(667, 57, 77),
(668, 57, 78),
(669, 57, 120),
(670, 58, 1),
(671, 58, 43),
(672, 58, 45),
(673, 58, 98),
(674, 58, 21),
(675, 58, 57),
(676, 58, 25),
(677, 58, 105),
(678, 58, 69),
(679, 58, 119),
(680, 59, 82),
(681, 59, 44),
(682, 59, 4),
(683, 59, 5),
(684, 59, 89),
(685, 59, 90),
(686, 59, 91),
(687, 59, 95),
(688, 59, 22),
(689, 59, 24),
(690, 59, 64),
(691, 59, 27),
(692, 59, 107),
(693, 59, 113),
(694, 59, 114),
(695, 59, 35),
(696, 59, 76),
(697, 59, 77),
(698, 59, 78),
(699, 59, 119),
(700, 60, 80),
(701, 60, 42),
(702, 60, 43),
(703, 60, 8),
(704, 60, 13),
(705, 60, 15),
(706, 60, 99),
(707, 60, 57),
(708, 60, 58),
(709, 60, 104),
(710, 60, 65),
(711, 60, 108),
(712, 60, 112),
(713, 61, 3),
(714, 61, 82),
(715, 61, 14),
(716, 61, 99),
(717, 61, 104),
(718, 61, 35),
(719, 61, 122),
(720, 61, 51),
(721, 61, 31),
(722, 61, 96),
(723, 62, 44),
(724, 62, 116),
(725, 62, 53),
(726, 62, 11),
(727, 62, 5),
(728, 62, 45),
(729, 62, 20),
(730, 62, 21),
(731, 62, 30),
(732, 63, 45),
(733, 63, 7),
(734, 63, 50),
(735, 63, 92),
(736, 63, 56),
(737, 63, 104),
(738, 63, 105),
(739, 63, 69),
(740, 63, 32),
(741, 63, 38),
(742, 64, 3),
(743, 64, 12),
(744, 64, 7),
(745, 64, 46),
(746, 64, 81),
(747, 64, 98),
(748, 64, 99),
(749, 64, 60),
(750, 64, 26),
(751, 64, 27),
(752, 64, 105),
(753, 64, 66),
(754, 64, 112),
(755, 64, 71),
(756, 64, 35),
(757, 64, 115),
(758, 64, 74),
(759, 64, 78),
(760, 64, 39),
(761, 64, 52),
(762, 65, 3),
(763, 65, 82),
(764, 65, 6),
(765, 65, 7),
(766, 65, 12),
(767, 65, 14),
(768, 65, 49),
(769, 65, 92),
(770, 65, 51),
(771, 65, 52),
(772, 65, 94),
(773, 65, 18),
(774, 65, 19),
(775, 65, 96),
(776, 65, 57),
(777, 65, 22),
(778, 65, 63),
(779, 65, 27),
(780, 65, 105),
(781, 65, 66),
(782, 65, 29),
(783, 65, 113),
(784, 65, 33),
(785, 65, 34),
(786, 65, 35),
(787, 65, 117),
(788, 65, 121),
(789, 66, 42),
(790, 66, 8),
(791, 66, 7),
(792, 66, 13),
(793, 66, 16),
(794, 66, 60),
(795, 66, 101),
(796, 66, 104),
(797, 66, 107),
(798, 66, 69),
(799, 66, 70),
(800, 66, 78),
(801, 66, 79),
(802, 67, 3),
(803, 67, 19),
(804, 67, 6),
(805, 67, 44),
(806, 67, 57),
(807, 67, 26),
(808, 67, 66),
(809, 67, 30),
(810, 67, 71),
(811, 67, 39),
(812, 67, 78),
(813, 67, 122),
(814, 68, 3),
(815, 68, 66),
(816, 68, 81),
(817, 68, 44),
(818, 68, 89),
(819, 68, 11),
(820, 68, 12),
(821, 68, 55),
(822, 68, 25),
(823, 68, 106),
(824, 68, 70),
(825, 68, 32),
(826, 68, 115),
(827, 68, 75),
(828, 68, 34),
(829, 68, 78),
(830, 68, 122),
(831, 69, 80),
(832, 69, 8),
(833, 69, 45),
(834, 69, 3),
(835, 69, 89),
(836, 69, 14),
(837, 69, 57),
(838, 69, 26),
(839, 69, 104),
(840, 69, 65),
(841, 69, 105),
(842, 69, 106),
(843, 69, 36),
(844, 70, 3),
(845, 70, 44),
(846, 70, 45),
(847, 70, 49),
(848, 70, 9),
(849, 70, 7),
(850, 70, 93),
(851, 70, 20),
(852, 70, 26),
(853, 70, 64),
(854, 70, 65),
(855, 70, 28),
(856, 70, 30),
(857, 70, 69),
(858, 70, 71),
(859, 70, 32),
(860, 70, 113),
(861, 70, 38),
(862, 70, 78),
(863, 70, 79),
(864, 71, 42),
(865, 71, 21),
(866, 71, 99),
(867, 71, 53),
(868, 71, 11),
(869, 71, 57),
(870, 71, 101),
(871, 71, 26),
(872, 71, 65),
(873, 71, 106),
(874, 71, 67),
(875, 71, 110),
(876, 71, 113),
(877, 71, 73),
(878, 71, 74),
(879, 71, 40),
(880, 71, 77),
(881, 71, 78),
(882, 71, 120),
(883, 72, 77),
(884, 72, 119),
(885, 72, 96),
(886, 72, 27),
(887, 72, 82),
(888, 72, 78),
(889, 72, 12),
(890, 72, 28),
(891, 72, 16),
(892, 72, 66),
(893, 72, 106),
(894, 73, 48),
(895, 73, 13),
(896, 73, 15),
(897, 73, 3),
(898, 73, 98),
(899, 73, 75),
(900, 73, 85),
(901, 73, 110),
(902, 73, 49),
(903, 73, 87),
(904, 73, 101),
(905, 73, 104),
(906, 73, 65),
(907, 73, 115),
(908, 73, 39),
(909, 73, 122),
(910, 73, 35),
(911, 73, 60),
(912, 73, 113),
(913, 73, 33),
(914, 73, 112),
(915, 74, 3),
(916, 74, 81),
(917, 74, 110),
(918, 74, 8),
(919, 74, 84),
(920, 74, 97),
(921, 74, 103),
(922, 74, 104),
(923, 74, 66),
(924, 74, 70),
(925, 74, 35),
(926, 74, 39),
(927, 74, 120),
(928, 75, 42),
(929, 75, 81),
(930, 75, 11),
(931, 75, 99),
(932, 75, 67),
(933, 75, 109),
(934, 75, 69),
(935, 75, 113),
(936, 75, 72),
(937, 75, 78),
(938, 75, 79),
(939, 75, 119),
(940, 76, 42),
(941, 76, 98),
(942, 76, 62),
(943, 76, 65),
(944, 76, 108),
(945, 76, 32),
(946, 76, 34),
(947, 76, 78),
(948, 77, 1),
(949, 77, 42),
(950, 77, 16),
(951, 77, 19),
(952, 77, 103),
(953, 77, 108),
(954, 77, 69),
(955, 77, 73),
(956, 77, 39),
(957, 77, 41),
(958, 78, 46),
(959, 78, 60),
(960, 78, 93),
(961, 78, 8),
(962, 78, 20),
(963, 78, 65),
(964, 78, 106),
(965, 78, 108),
(966, 78, 73),
(967, 78, 79),
(968, 78, 119),
(969, 78, 41),
(970, 79, 3),
(971, 79, 45),
(972, 79, 48),
(973, 79, 50),
(974, 79, 25),
(975, 79, 62),
(976, 79, 112),
(977, 79, 30),
(978, 79, 122),
(979, 80, 42),
(980, 80, 5),
(981, 80, 67),
(982, 80, 21),
(983, 80, 58),
(984, 80, 103),
(985, 80, 65),
(986, 80, 27),
(987, 80, 73),
(988, 80, 78),
(989, 80, 117),
(990, 80, 79),
(991, 81, 1),
(992, 81, 28),
(993, 81, 55),
(994, 81, 108),
(995, 81, 69),
(996, 82, 1),
(997, 82, 62),
(998, 82, 19),
(999, 82, 18),
(1000, 82, 34),
(1001, 82, 103),
(1002, 82, 75),
(1003, 82, 76),
(1004, 82, 77),
(1005, 82, 79),
(1006, 82, 69),
(1007, 83, 84),
(1008, 83, 90),
(1009, 83, 14),
(1010, 83, 19),
(1011, 83, 33),
(1012, 83, 98),
(1013, 83, 55),
(1014, 83, 59),
(1015, 83, 77),
(1016, 83, 94),
(1017, 83, 29),
(1018, 83, 35),
(1019, 83, 101),
(1020, 83, 88),
(1021, 83, 85),
(1022, 83, 46),
(1023, 83, 2),
(1024, 83, 66),
(1025, 83, 27),
(1026, 83, 15),
(1027, 83, 82),
(1028, 83, 80),
(1029, 83, 39),
(1030, 84, 44),
(1031, 84, 6),
(1032, 84, 9),
(1033, 84, 11),
(1034, 84, 13),
(1035, 84, 94),
(1036, 84, 19),
(1037, 84, 55),
(1038, 84, 61),
(1039, 84, 62),
(1040, 84, 34),
(1041, 84, 38),
(1042, 84, 116),
(1043, 85, 42),
(1044, 85, 45),
(1045, 85, 49),
(1046, 85, 18),
(1047, 85, 103),
(1048, 85, 70),
(1049, 86, 42),
(1050, 86, 3),
(1051, 86, 6),
(1052, 86, 48),
(1053, 86, 49),
(1054, 86, 53),
(1055, 86, 20),
(1056, 86, 62),
(1057, 86, 103),
(1058, 86, 105),
(1059, 86, 28),
(1060, 86, 67),
(1061, 86, 111),
(1062, 86, 113),
(1063, 87, 80),
(1064, 87, 3),
(1065, 87, 61),
(1066, 87, 104),
(1067, 87, 65),
(1068, 87, 111),
(1069, 87, 11),
(1070, 88, 80),
(1071, 88, 42),
(1072, 88, 26),
(1073, 88, 19),
(1074, 88, 11),
(1075, 88, 68),
(1076, 89, 1),
(1077, 89, 18),
(1078, 89, 53),
(1079, 89, 20),
(1080, 89, 26),
(1081, 89, 65),
(1082, 89, 106),
(1083, 89, 70),
(1084, 89, 78),
(1092, 90, 66),
(1093, 90, 46),
(1094, 90, 84),
(1095, 90, 83),
(1096, 90, 53),
(1097, 90, 98),
(1098, 90, 55),
(1099, 90, 57),
(1100, 90, 62),
(1101, 90, 67),
(1102, 90, 35),
(1103, 90, 74),
(1104, 90, 77),
(1105, 90, 119),
(1106, 91, 1),
(1107, 91, 45),
(1108, 91, 42),
(1109, 91, 47),
(1110, 91, 6),
(1111, 91, 9),
(1112, 91, 11),
(1113, 91, 95),
(1114, 91, 55),
(1115, 91, 56),
(1116, 91, 28),
(1117, 91, 106),
(1118, 91, 67),
(1119, 91, 108),
(1120, 91, 111),
(1121, 91, 70),
(1122, 91, 71),
(1123, 91, 113),
(1124, 91, 38),
(1125, 91, 76),
(1126, 91, 118),
(1127, 91, 120),
(1128, 91, 41),
(1129, 91, 122),
(1130, 91, 34),
(1131, 91, 8),
(1132, 91, 84),
(1133, 91, 16),
(1134, 91, 53),
(1135, 91, 20),
(1136, 91, 59),
(1137, 91, 61),
(1138, 91, 26),
(1139, 91, 80),
(1140, 91, 97),
(1141, 91, 3),
(1142, 91, 84),
(1143, 91, 85),
(1144, 91, 87),
(1145, 91, 14),
(1146, 91, 22),
(1147, 91, 61),
(1148, 91, 104),
(1149, 91, 27),
(1150, 91, 29),
(1151, 91, 37),
(1152, 91, 118),
(1153, 91, 121),
(1154, 92, 105),
(1155, 92, 109),
(1156, 92, 7),
(1157, 92, 70),
(1158, 92, 76),
(1159, 93, 42),
(1160, 93, 46),
(1161, 93, 11),
(1162, 93, 50),
(1163, 93, 53),
(1164, 93, 18),
(1165, 93, 20),
(1166, 93, 25),
(1167, 93, 62),
(1168, 93, 106),
(1169, 93, 104),
(1170, 93, 107),
(1171, 93, 111),
(1172, 93, 113),
(1173, 93, 72),
(1174, 93, 78),
(1175, 94, 42),
(1176, 94, 111),
(1177, 94, 108),
(1178, 94, 103),
(1179, 94, 20),
(1180, 94, 9),
(1181, 94, 112),
(1182, 95, 19),
(1183, 95, 25),
(1184, 95, 20),
(1185, 95, 62),
(1186, 96, 106),
(1187, 96, 42),
(1188, 96, 9),
(1189, 96, 20),
(1190, 96, 62),
(1191, 96, 103),
(1192, 97, 42),
(1193, 97, 45),
(1194, 97, 46),
(1195, 97, 16),
(1196, 97, 21),
(1197, 97, 100),
(1198, 97, 64),
(1199, 97, 107),
(1200, 97, 79),
(1201, 97, 57),
(1202, 97, 8),
(1203, 97, 54),
(1204, 97, 43),
(1205, 97, 22),
(1206, 97, 118),
(1207, 97, 37),
(1208, 97, 121),
(1209, 97, 50),
(1210, 97, 91),
(1211, 97, 3),
(1212, 97, 92),
(1213, 98, 42),
(1214, 98, 50),
(1215, 98, 20),
(1216, 98, 62),
(1217, 98, 65),
(1218, 98, 111),
(1219, 98, 69),
(1220, 98, 71),
(1221, 98, 33),
(1222, 98, 78),
(1223, 98, 66),
(1224, 99, 1),
(1225, 99, 20),
(1226, 99, 105),
(1227, 99, 108),
(1228, 99, 69),
(1229, 99, 62),
(1230, 99, 34),
(1231, 100, 82),
(1232, 100, 46),
(1233, 100, 9),
(1234, 100, 88),
(1235, 100, 11),
(1236, 100, 14),
(1237, 100, 15),
(1238, 100, 49),
(1239, 100, 94),
(1240, 100, 98),
(1241, 100, 55),
(1242, 100, 57),
(1243, 100, 61),
(1244, 100, 29),
(1245, 100, 110),
(1246, 100, 71),
(1247, 100, 32),
(1248, 100, 113),
(1249, 100, 35),
(1250, 100, 115),
(1251, 100, 39),
(1252, 100, 116),
(1253, 101, 80),
(1254, 101, 106),
(1255, 101, 111),
(1256, 101, 62),
(1257, 101, 87),
(1258, 101, 98),
(1259, 101, 99),
(1260, 101, 57),
(1261, 101, 103),
(1262, 101, 65),
(1263, 101, 108),
(1264, 101, 109),
(1265, 101, 41),
(1266, 102, 8),
(1267, 102, 11),
(1268, 102, 20),
(1269, 102, 57),
(1270, 102, 65),
(1271, 102, 26),
(1272, 102, 103),
(1273, 102, 69),
(1274, 102, 78),
(1275, 103, 42),
(1276, 103, 3),
(1277, 103, 109),
(1278, 103, 50),
(1279, 103, 6),
(1280, 103, 71),
(1281, 104, 62),
(1282, 104, 111),
(1283, 104, 108),
(1284, 104, 70),
(1285, 104, 72),
(1286, 105, 43),
(1287, 105, 50),
(1288, 105, 94),
(1289, 105, 21),
(1290, 105, 25),
(1291, 105, 62),
(1292, 105, 111),
(1293, 105, 72),
(1294, 105, 77),
(1295, 105, 41),
(1296, 106, 42),
(1297, 106, 9),
(1298, 106, 8),
(1299, 106, 55),
(1300, 106, 62),
(1301, 106, 103),
(1302, 106, 65),
(1303, 106, 70),
(1304, 106, 113),
(1305, 107, 42),
(1306, 107, 43),
(1307, 107, 3),
(1308, 107, 45),
(1309, 107, 7),
(1310, 107, 88),
(1311, 107, 89),
(1312, 107, 50),
(1313, 107, 19),
(1314, 107, 55),
(1315, 107, 57),
(1316, 107, 25),
(1317, 107, 62),
(1318, 107, 105),
(1319, 107, 110),
(1320, 107, 112),
(1321, 108, 6),
(1322, 108, 65),
(1323, 108, 19),
(1324, 108, 47),
(1325, 108, 46),
(1326, 108, 67),
(1327, 108, 68),
(1328, 108, 111),
(1329, 108, 69),
(1330, 108, 41),
(1331, 109, 49),
(1332, 109, 98),
(1333, 109, 96),
(1334, 109, 105),
(1335, 109, 99),
(1336, 109, 106),
(1337, 109, 107),
(1338, 109, 113),
(1339, 109, 121),
(1340, 109, 41),
(1341, 110, 12),
(1342, 110, 58),
(1343, 110, 57),
(1344, 110, 60),
(1345, 110, 67),
(1346, 110, 41),
(1347, 110, 116),
(1348, 111, 46),
(1349, 111, 12),
(1350, 111, 21),
(1351, 111, 62),
(1352, 111, 64),
(1353, 111, 65),
(1354, 111, 69),
(1355, 111, 70),
(1356, 111, 75),
(1357, 112, 42),
(1358, 112, 16),
(1359, 112, 1),
(1360, 112, 106),
(1361, 112, 62),
(1362, 112, 41),
(1363, 113, 42),
(1364, 113, 25),
(1365, 113, 49),
(1366, 113, 11),
(1367, 113, 62),
(1368, 113, 67),
(1369, 113, 111),
(1370, 113, 114),
(1371, 114, 1),
(1372, 114, 42),
(1373, 114, 4),
(1374, 114, 83),
(1375, 114, 88),
(1376, 114, 53),
(1377, 114, 20),
(1378, 114, 25),
(1379, 114, 103),
(1380, 114, 72),
(1381, 114, 116),
(1382, 114, 41),
(1383, 114, 122),
(1384, 115, 42),
(1385, 115, 9),
(1386, 115, 87),
(1387, 115, 11),
(1388, 115, 19),
(1389, 115, 20),
(1390, 115, 55),
(1391, 115, 25),
(1392, 115, 62),
(1393, 115, 28),
(1394, 115, 111),
(1395, 115, 69),
(1396, 115, 113),
(1397, 115, 76),
(1398, 115, 122),
(1399, 115, 106),
(1400, 115, 18),
(1401, 116, 3),
(1402, 116, 11),
(1403, 116, 55),
(1404, 116, 27),
(1405, 116, 34),
(1406, 116, 35),
(1407, 116, 36),
(1408, 116, 77),
(1409, 116, 78),
(1410, 117, 81),
(1411, 117, 45),
(1412, 117, 88),
(1413, 117, 44),
(1414, 117, 11),
(1415, 117, 49),
(1416, 117, 57),
(1417, 117, 105),
(1418, 117, 107),
(1419, 117, 30),
(1420, 117, 72),
(1421, 117, 78),
(1422, 118, 79),
(1423, 118, 49),
(1424, 118, 85),
(1425, 118, 111),
(1426, 118, 45),
(1427, 118, 42),
(1428, 118, 21),
(1429, 118, 80),
(1430, 118, 62),
(1431, 118, 33),
(1432, 119, 3),
(1433, 119, 45),
(1434, 119, 7),
(1435, 119, 62),
(1436, 119, 49),
(1437, 119, 66),
(1438, 119, 71),
(1439, 119, 33),
(1440, 120, 80),
(1441, 120, 93),
(1442, 120, 26),
(1443, 120, 61),
(1444, 120, 55),
(1445, 120, 104),
(1446, 120, 106),
(1447, 120, 112),
(1448, 120, 69),
(1449, 120, 35),
(1450, 120, 115),
(1451, 120, 40),
(1452, 121, 50),
(1453, 121, 26),
(1454, 121, 60),
(1455, 121, 55),
(1456, 121, 98),
(1457, 121, 18),
(1458, 121, 103),
(1459, 121, 28),
(1460, 121, 67),
(1461, 121, 108),
(1462, 121, 111),
(1463, 121, 34),
(1464, 121, 76),
(1465, 122, 42),
(1466, 122, 50),
(1467, 122, 57),
(1468, 122, 20),
(1469, 122, 53),
(1470, 122, 8),
(1471, 122, 28),
(1472, 122, 106),
(1473, 122, 111),
(1474, 122, 72),
(1475, 122, 75),
(1476, 122, 78),
(1477, 123, 45),
(1478, 123, 88),
(1479, 123, 89),
(1480, 123, 13),
(1481, 123, 20),
(1482, 123, 33),
(1483, 123, 74),
(1484, 123, 50),
(1485, 123, 79);

-- --------------------------------------------------------

--
-- Table structure for table `users`
--

CREATE TABLE `users` (
  `id` bigint(20) UNSIGNED NOT NULL,
  `name` varchar(255) COLLATE utf8mb4_unicode_ci NOT NULL,
  `email` varchar(255) COLLATE utf8mb4_unicode_ci NOT NULL,
  `email_verified_at` timestamp NULL DEFAULT NULL,
  `password` varchar(255) COLLATE utf8mb4_unicode_ci NOT NULL,
  `remember_token` varchar(100) COLLATE utf8mb4_unicode_ci DEFAULT NULL,
  `created_at` timestamp NULL DEFAULT NULL,
  `updated_at` timestamp NULL DEFAULT NULL
) ENGINE=InnoDB DEFAULT CHARSET=utf8mb4 COLLATE=utf8mb4_unicode_ci;

--
-- Dumping data for table `users`
--

INSERT INTO `users` (`id`, `name`, `email`, `email_verified_at`, `password`, `remember_token`, `created_at`, `updated_at`) VALUES
(1, 'Nika', 'nika.shamanauri@gmail.com', NULL, '$2y$10$siyH2PqpG/FmmAGZrXf.Zu6S74ATmE.0wnxy2xWjU7c7atuUMr/M6', 'gWbg4n4Zfsb1tLGMBsSGr91dRYoorthc5jjfNfMlP35C9PpqirxNoxHMTdSS', '2022-04-13 06:02:53', '2022-04-13 07:40:36');

-- --------------------------------------------------------

--
-- Table structure for table `weak_opponents`
--

CREATE TABLE `weak_opponents` (
  `id` bigint(20) UNSIGNED NOT NULL,
  `hero_id` bigint(20) UNSIGNED NOT NULL,
  `weak_opponent_id` bigint(20) UNSIGNED NOT NULL
) ENGINE=InnoDB DEFAULT CHARSET=utf8mb4 COLLATE=utf8mb4_unicode_ci;

--
-- Dumping data for table `weak_opponents`
--

INSERT INTO `weak_opponents` (`id`, `hero_id`, `weak_opponent_id`) VALUES
(2, 1, 58),
(3, 1, 81),
(4, 1, 82),
(5, 1, 4),
(6, 1, 83),
(7, 1, 88),
(8, 1, 101),
(9, 1, 62),
(10, 1, 45),
(11, 1, 114),
(12, 2, 40),
(13, 2, 100),
(14, 2, 27),
(15, 2, 16),
(16, 2, 46),
(17, 3, 8),
(18, 3, 16),
(19, 3, 46),
(20, 3, 1),
(21, 3, 42),
(22, 3, 87),
(23, 3, 60),
(24, 3, 64),
(25, 3, 100),
(26, 3, 65),
(27, 3, 69),
(28, 3, 73),
(29, 3, 74),
(30, 3, 79),
(31, 4, 72),
(32, 4, 33),
(33, 4, 59),
(34, 4, 36),
(35, 4, 115),
(36, 4, 27),
(37, 4, 41),
(38, 4, 74),
(39, 4, 75),
(40, 5, 1),
(41, 5, 8),
(42, 5, 21),
(43, 5, 72),
(44, 5, 16),
(45, 5, 54),
(46, 5, 75),
(47, 6, 8),
(48, 6, 16),
(49, 6, 46),
(50, 6, 21),
(51, 6, 55),
(52, 6, 94),
(53, 6, 57),
(54, 6, 65),
(55, 6, 28),
(56, 6, 29),
(57, 6, 108),
(58, 6, 67),
(59, 7, 63),
(60, 7, 11),
(61, 7, 43),
(62, 7, 65),
(63, 7, 62),
(64, 7, 64),
(65, 7, 70),
(66, 7, 119),
(67, 8, 89),
(68, 8, 44),
(69, 8, 81),
(70, 8, 16),
(71, 8, 19),
(72, 8, 20),
(73, 8, 54),
(74, 8, 69),
(75, 8, 28),
(76, 8, 108),
(77, 8, 111),
(78, 8, 70),
(79, 8, 114),
(80, 8, 78),
(81, 8, 75),
(82, 9, 14),
(83, 9, 48),
(84, 9, 59),
(85, 9, 19),
(86, 9, 28),
(87, 9, 91),
(88, 9, 106),
(89, 9, 70),
(90, 9, 119),
(91, 9, 32),
(92, 9, 115),
(93, 10, 19),
(94, 10, 100),
(95, 10, 24),
(96, 10, 71),
(97, 10, 32),
(98, 11, 3),
(99, 11, 42),
(100, 11, 35),
(101, 11, 34),
(102, 11, 6),
(103, 11, 49),
(104, 11, 93),
(105, 11, 26),
(106, 11, 50),
(107, 11, 28),
(108, 11, 115),
(109, 11, 15),
(110, 11, 71),
(111, 11, 43),
(112, 12, 72),
(113, 12, 45),
(114, 12, 67),
(115, 12, 32),
(116, 12, 62),
(117, 12, 47),
(118, 12, 121),
(119, 13, 115),
(120, 13, 91),
(121, 13, 28),
(122, 13, 93),
(123, 13, 72),
(124, 14, 19),
(125, 14, 57),
(126, 14, 8),
(127, 14, 61),
(128, 14, 46),
(129, 14, 91),
(130, 14, 100),
(131, 14, 32),
(132, 14, 65),
(133, 15, 60),
(134, 15, 57),
(135, 15, 73),
(136, 15, 69),
(137, 15, 65),
(138, 15, 78),
(139, 16, 9),
(140, 16, 79),
(141, 16, 12),
(142, 16, 42),
(143, 16, 14),
(144, 16, 49),
(145, 16, 100),
(146, 16, 27),
(147, 17, 48),
(148, 17, 57),
(149, 17, 100),
(150, 17, 39),
(151, 17, 27),
(152, 17, 28),
(153, 17, 51),
(154, 17, 53),
(155, 17, 19),
(156, 17, 20),
(157, 17, 8),
(158, 17, 64),
(159, 17, 32),
(160, 17, 36),
(161, 17, 75),
(162, 17, 33),
(163, 18, 8),
(164, 18, 21),
(165, 18, 57),
(166, 18, 65),
(167, 18, 46),
(168, 18, 107),
(169, 18, 29),
(170, 18, 118),
(171, 18, 71),
(172, 19, 48),
(173, 19, 6),
(174, 19, 47),
(175, 19, 42),
(176, 19, 83),
(177, 19, 46),
(178, 19, 16),
(179, 19, 70),
(180, 19, 62),
(181, 19, 79),
(182, 19, 73),
(183, 20, 3),
(184, 20, 102),
(185, 20, 86),
(186, 20, 93),
(187, 20, 115),
(188, 20, 114),
(189, 21, 97),
(190, 21, 43),
(191, 21, 75),
(192, 21, 48),
(193, 21, 114),
(194, 22, 20),
(195, 22, 57),
(196, 22, 65),
(197, 22, 8),
(198, 23, 24),
(199, 23, 122),
(200, 23, 100),
(201, 23, 90),
(202, 24, 53),
(203, 24, 45),
(204, 24, 19),
(205, 24, 64),
(206, 24, 69),
(207, 24, 71),
(208, 24, 73),
(209, 24, 79),
(210, 25, 105),
(211, 25, 14),
(212, 25, 115),
(213, 25, 113),
(214, 25, 47),
(215, 25, 95),
(216, 25, 69),
(217, 25, 67),
(218, 26, 3),
(219, 26, 88),
(220, 26, 50),
(221, 26, 8),
(222, 26, 19),
(223, 26, 53),
(224, 26, 120),
(225, 27, 72),
(226, 27, 64),
(227, 27, 19),
(228, 27, 14),
(229, 27, 83),
(230, 27, 59),
(231, 27, 80),
(232, 27, 109),
(233, 123, 106),
(234, 123, 53),
(235, 123, 46),
(236, 123, 22),
(237, 123, 64),
(238, 28, 84),
(239, 28, 71),
(240, 28, 70),
(241, 28, 115),
(242, 28, 48),
(243, 28, 122),
(244, 29, 57),
(245, 29, 46),
(246, 29, 64),
(247, 29, 100),
(248, 29, 69),
(249, 29, 72),
(250, 30, 19),
(251, 30, 44),
(252, 30, 75),
(253, 30, 47),
(254, 30, 28),
(255, 30, 42),
(256, 30, 67),
(257, 30, 68),
(258, 30, 79),
(259, 31, 65),
(260, 31, 27),
(261, 31, 83),
(262, 31, 9),
(263, 31, 50),
(264, 31, 26),
(265, 32, 100),
(266, 32, 42),
(267, 32, 47),
(268, 32, 115),
(269, 33, 53),
(270, 33, 46),
(271, 33, 8),
(272, 33, 42),
(273, 33, 88),
(274, 33, 83),
(275, 33, 11),
(276, 33, 57),
(277, 33, 70),
(278, 33, 63),
(279, 33, 65),
(280, 33, 118),
(281, 34, 82),
(282, 34, 81),
(283, 34, 68),
(284, 34, 119),
(285, 34, 65),
(286, 35, 3),
(287, 35, 8),
(288, 35, 100),
(289, 35, 46),
(290, 35, 59),
(291, 35, 57),
(292, 35, 64),
(293, 35, 37),
(294, 35, 65),
(295, 35, 69),
(296, 35, 66),
(297, 35, 73),
(298, 36, 57),
(299, 36, 46),
(300, 36, 61),
(301, 37, 21),
(302, 37, 48),
(303, 37, 64),
(304, 37, 42),
(305, 37, 113),
(306, 37, 32),
(307, 38, 84),
(308, 38, 68),
(309, 38, 19),
(310, 38, 81),
(311, 38, 106),
(312, 38, 45),
(313, 38, 77),
(314, 38, 70),
(315, 38, 78),
(316, 38, 59),
(317, 39, 64),
(318, 39, 72),
(319, 39, 48),
(320, 39, 65),
(321, 39, 19),
(322, 40, 71),
(323, 40, 100),
(324, 40, 102),
(325, 40, 33),
(326, 40, 120),
(327, 40, 7),
(328, 40, 6),
(329, 41, 108),
(330, 41, 19),
(331, 41, 101),
(332, 41, 114),
(333, 41, 45),
(334, 41, 11),
(335, 41, 121),
(336, 41, 102),
(337, 42, 6),
(338, 42, 9),
(339, 42, 1),
(340, 42, 43),
(341, 42, 80),
(342, 42, 15),
(343, 42, 56),
(344, 42, 53),
(345, 42, 27),
(346, 42, 106),
(347, 42, 108),
(348, 42, 102),
(349, 42, 71),
(350, 42, 113),
(351, 42, 40),
(352, 42, 34),
(353, 42, 77),
(354, 42, 41),
(355, 42, 122),
(356, 43, 19),
(357, 43, 72),
(358, 43, 58),
(359, 43, 27),
(360, 43, 73),
(361, 43, 70),
(362, 43, 48),
(363, 43, 90),
(364, 45, 21),
(365, 45, 42),
(366, 45, 16),
(367, 45, 58),
(368, 45, 57),
(369, 45, 47),
(370, 45, 63),
(371, 45, 70),
(372, 45, 67),
(373, 45, 69),
(374, 45, 107),
(375, 45, 27),
(376, 45, 35),
(377, 45, 119),
(378, 45, 76),
(379, 45, 79),
(380, 44, 62),
(381, 44, 70),
(382, 44, 28),
(383, 44, 100),
(384, 44, 93),
(385, 44, 68),
(386, 44, 115),
(387, 44, 71),
(388, 44, 122),
(389, 46, 48),
(390, 46, 100),
(391, 46, 90),
(392, 46, 83),
(393, 46, 64),
(394, 46, 56),
(395, 46, 70),
(396, 46, 37),
(397, 47, 100),
(398, 47, 49),
(399, 47, 16),
(400, 47, 78),
(401, 47, 42),
(402, 48, 53),
(403, 48, 42),
(404, 48, 58),
(405, 48, 79),
(406, 48, 108),
(407, 49, 84),
(408, 49, 8),
(409, 49, 45),
(410, 49, 73),
(411, 49, 57),
(412, 49, 100),
(413, 49, 65),
(414, 49, 72),
(415, 49, 122),
(416, 50, 93),
(417, 50, 20),
(418, 50, 42),
(419, 50, 6),
(420, 50, 45),
(421, 50, 24),
(422, 50, 108),
(423, 50, 101),
(424, 50, 60),
(425, 50, 66),
(426, 50, 107),
(427, 50, 105),
(428, 50, 113),
(429, 50, 79),
(430, 50, 69),
(431, 51, 65),
(432, 51, 73),
(433, 51, 8),
(434, 51, 57),
(435, 51, 40),
(436, 52, 59),
(437, 52, 64),
(438, 52, 1),
(439, 52, 6),
(440, 52, 16),
(441, 52, 99),
(442, 52, 65),
(443, 52, 60),
(444, 53, 95),
(445, 53, 101),
(446, 53, 86),
(447, 53, 62),
(448, 53, 90),
(449, 53, 93),
(450, 53, 27),
(451, 53, 122),
(452, 53, 72),
(453, 54, 100),
(454, 54, 111),
(455, 55, 19),
(456, 55, 81),
(457, 55, 43),
(458, 55, 83),
(459, 55, 44),
(460, 55, 90),
(461, 55, 20),
(462, 55, 106),
(463, 55, 22),
(464, 55, 67),
(465, 55, 101),
(466, 55, 34),
(467, 55, 39),
(468, 55, 120),
(469, 56, 20),
(470, 56, 21),
(471, 56, 33),
(472, 56, 40),
(473, 56, 90),
(474, 56, 101),
(475, 56, 91),
(476, 56, 57),
(477, 56, 116),
(478, 56, 3),
(479, 56, 71),
(480, 57, 109),
(481, 57, 65),
(482, 57, 107),
(483, 57, 42),
(484, 57, 27),
(485, 57, 19),
(486, 57, 113),
(487, 58, 48),
(488, 58, 114),
(489, 58, 84),
(490, 58, 121),
(491, 59, 26),
(492, 59, 48),
(493, 59, 2),
(494, 59, 50),
(495, 59, 57),
(496, 59, 100),
(497, 59, 39),
(498, 59, 71),
(499, 59, 68),
(500, 59, 111),
(501, 59, 112),
(502, 59, 28),
(503, 59, 121),
(504, 60, 20),
(505, 60, 64),
(506, 60, 9),
(507, 60, 45),
(508, 60, 54),
(509, 60, 48),
(510, 60, 66),
(511, 60, 106),
(512, 60, 36),
(513, 60, 14),
(514, 60, 70),
(515, 60, 84),
(516, 60, 95),
(517, 60, 87),
(518, 61, 1),
(519, 61, 84),
(520, 61, 26),
(521, 61, 72),
(522, 61, 100),
(523, 61, 19),
(524, 61, 83),
(525, 61, 70),
(526, 61, 78),
(527, 61, 43),
(528, 61, 44),
(529, 61, 25),
(530, 61, 108),
(531, 61, 54),
(532, 62, 56),
(533, 62, 90),
(534, 62, 49),
(535, 62, 104),
(536, 62, 84),
(537, 62, 91),
(538, 62, 27),
(539, 62, 115),
(540, 62, 113),
(541, 62, 70),
(542, 62, 106),
(543, 62, 105),
(544, 63, 72),
(545, 63, 65),
(546, 63, 57),
(547, 63, 43),
(548, 63, 116),
(549, 63, 46),
(550, 63, 23),
(551, 64, 84),
(552, 64, 100),
(553, 64, 42),
(554, 64, 67),
(555, 64, 87),
(556, 64, 70),
(557, 65, 44),
(558, 65, 89),
(559, 65, 20),
(560, 65, 8),
(561, 65, 43),
(562, 65, 9),
(563, 65, 54),
(564, 65, 69),
(565, 65, 109),
(566, 65, 106),
(567, 65, 40),
(568, 65, 72),
(569, 65, 78),
(570, 65, 116),
(571, 65, 41),
(572, 66, 59),
(573, 66, 14),
(574, 66, 65),
(575, 66, 6),
(576, 66, 64),
(577, 66, 20),
(578, 66, 32),
(579, 66, 74),
(580, 66, 75),
(581, 66, 119),
(582, 67, 48),
(583, 67, 83),
(584, 67, 47),
(585, 67, 84),
(586, 67, 20),
(587, 67, 42),
(588, 67, 24),
(589, 67, 113),
(590, 67, 112),
(591, 67, 107),
(592, 67, 70),
(593, 67, 75),
(594, 67, 79),
(595, 68, 9),
(596, 68, 57),
(597, 68, 111),
(598, 68, 69),
(599, 68, 100),
(600, 69, 82),
(601, 69, 48),
(602, 69, 55),
(603, 69, 56),
(604, 69, 43),
(605, 69, 64),
(606, 69, 70),
(607, 69, 71),
(608, 69, 113),
(609, 69, 72),
(610, 69, 118),
(611, 70, 91),
(612, 70, 14),
(613, 70, 111),
(614, 70, 68),
(615, 70, 56),
(616, 70, 48),
(617, 70, 77),
(618, 70, 40),
(619, 70, 110),
(620, 71, 48),
(621, 71, 84),
(622, 71, 80),
(623, 71, 47),
(624, 71, 14),
(625, 71, 98),
(626, 71, 22),
(627, 71, 108),
(628, 71, 64),
(629, 71, 70),
(630, 71, 100),
(631, 71, 103),
(632, 71, 115),
(633, 71, 122),
(634, 71, 119),
(635, 72, 122),
(636, 72, 68),
(637, 72, 105),
(638, 73, 81),
(639, 73, 78),
(640, 73, 80),
(641, 73, 68),
(642, 73, 42),
(643, 73, 28),
(644, 73, 41),
(645, 73, 70),
(646, 73, 71),
(647, 73, 121),
(648, 73, 20),
(649, 74, 90),
(650, 74, 16),
(651, 74, 42),
(652, 74, 53),
(653, 74, 20),
(654, 74, 27),
(655, 74, 33),
(656, 74, 64),
(657, 74, 40),
(658, 74, 73),
(659, 75, 56),
(660, 75, 16),
(661, 75, 35),
(662, 75, 98),
(663, 75, 20),
(664, 75, 6),
(665, 75, 28),
(666, 75, 39),
(667, 76, 16),
(668, 76, 50),
(669, 76, 82),
(670, 76, 57),
(671, 76, 9),
(672, 76, 59),
(673, 77, 24),
(674, 77, 14),
(675, 77, 3),
(676, 77, 22),
(677, 77, 71),
(678, 77, 59),
(679, 77, 72),
(680, 77, 114),
(681, 77, 119),
(682, 78, 3),
(683, 78, 6),
(684, 78, 12),
(685, 78, 1),
(686, 78, 16),
(687, 78, 14),
(688, 78, 22),
(689, 78, 24),
(690, 78, 62),
(691, 78, 59),
(692, 78, 66),
(693, 78, 101),
(694, 78, 72),
(695, 78, 69),
(696, 78, 71),
(697, 78, 76),
(698, 78, 34),
(699, 78, 77),
(700, 78, 116),
(701, 78, 122),
(702, 79, 28),
(703, 79, 20),
(704, 79, 80),
(705, 79, 5),
(706, 79, 33),
(707, 79, 40),
(708, 79, 75),
(709, 79, 41),
(710, 80, 83),
(711, 80, 88),
(712, 80, 84),
(713, 80, 87),
(714, 80, 2),
(715, 80, 1),
(716, 80, 16),
(717, 80, 60),
(718, 80, 17),
(719, 80, 120),
(720, 80, 31),
(721, 81, 65),
(722, 81, 56),
(723, 81, 64),
(724, 81, 50),
(725, 81, 19),
(726, 82, 114),
(727, 82, 57),
(728, 82, 61),
(729, 82, 59),
(730, 82, 72),
(731, 82, 83),
(732, 82, 37),
(733, 83, 43),
(734, 83, 81),
(735, 83, 4),
(736, 83, 9),
(737, 83, 28),
(738, 83, 114),
(739, 83, 110),
(740, 84, 69),
(741, 84, 64),
(742, 84, 72),
(743, 85, 37),
(744, 85, 72),
(745, 85, 46),
(746, 85, 77),
(747, 85, 73),
(748, 85, 57),
(749, 86, 50),
(750, 86, 32),
(751, 86, 45),
(752, 86, 57),
(753, 86, 59),
(754, 86, 35),
(755, 86, 74),
(756, 86, 119),
(757, 87, 77),
(758, 87, 9),
(759, 87, 101),
(760, 88, 93),
(761, 88, 122),
(762, 88, 60),
(763, 88, 35),
(764, 88, 100),
(765, 89, 69),
(766, 89, 113),
(767, 89, 107),
(768, 89, 42),
(769, 89, 34),
(770, 89, 17),
(771, 90, 8),
(772, 90, 49),
(773, 90, 26),
(774, 90, 21),
(775, 90, 32),
(776, 90, 20),
(777, 90, 33),
(778, 90, 75),
(779, 90, 4),
(780, 91, 84),
(781, 91, 8),
(782, 91, 59),
(783, 91, 53),
(784, 91, 20),
(785, 91, 61),
(786, 91, 26),
(787, 92, 73),
(788, 92, 46),
(789, 92, 84),
(790, 92, 101),
(791, 92, 17),
(792, 92, 65),
(793, 92, 35),
(794, 92, 79),
(795, 93, 115),
(796, 93, 56),
(797, 93, 41),
(798, 93, 19),
(799, 93, 101),
(800, 93, 16),
(801, 94, 57),
(802, 94, 46),
(803, 94, 8),
(804, 94, 100),
(805, 94, 3),
(806, 94, 83),
(807, 94, 65),
(808, 94, 67),
(809, 94, 72),
(810, 94, 37),
(811, 95, 59),
(812, 95, 46),
(813, 96, 57),
(814, 96, 83),
(815, 96, 46),
(816, 96, 116),
(817, 96, 17),
(818, 96, 109),
(819, 96, 65),
(820, 97, 57),
(821, 97, 8),
(822, 97, 54),
(823, 97, 43),
(824, 98, 47),
(825, 98, 84),
(826, 98, 87),
(827, 98, 80),
(828, 98, 57),
(829, 98, 90),
(830, 98, 58),
(831, 98, 37),
(832, 98, 60),
(833, 98, 28),
(834, 98, 77),
(835, 98, 101),
(836, 99, 90),
(837, 99, 48),
(838, 99, 79),
(839, 99, 49),
(840, 99, 56),
(841, 99, 64),
(842, 99, 41),
(843, 100, 79),
(844, 100, 37),
(845, 100, 59),
(846, 100, 97),
(847, 100, 77),
(848, 101, 6),
(849, 101, 33),
(850, 101, 16),
(851, 101, 3),
(852, 101, 28),
(853, 101, 27),
(854, 101, 34),
(855, 102, 14),
(856, 102, 17),
(857, 102, 100),
(858, 102, 72),
(859, 102, 79),
(860, 102, 33),
(861, 103, 49),
(862, 103, 19),
(863, 103, 86),
(864, 103, 26),
(865, 103, 108),
(866, 103, 80),
(867, 103, 111),
(868, 103, 27),
(869, 103, 101),
(870, 103, 85),
(871, 103, 114),
(872, 103, 112),
(873, 104, 42),
(874, 104, 3),
(875, 104, 16),
(876, 104, 19),
(877, 104, 120),
(878, 104, 60),
(879, 104, 69),
(880, 104, 35),
(881, 104, 41),
(882, 105, 117),
(883, 105, 63),
(884, 105, 84),
(885, 105, 58),
(886, 105, 27),
(887, 105, 70),
(888, 105, 73),
(889, 106, 90),
(890, 106, 53),
(891, 106, 104),
(892, 106, 35),
(893, 106, 96),
(894, 106, 19),
(895, 106, 68),
(896, 106, 50),
(897, 106, 93),
(898, 106, 112),
(899, 106, 74),
(900, 107, 48),
(901, 107, 90),
(902, 107, 16),
(903, 107, 69),
(904, 108, 84),
(905, 108, 14),
(906, 108, 91),
(907, 108, 93),
(908, 108, 18),
(909, 108, 97),
(910, 108, 98),
(911, 108, 99),
(912, 108, 55),
(913, 108, 22),
(914, 108, 56),
(915, 108, 60),
(916, 108, 26),
(917, 108, 120),
(918, 108, 121),
(919, 109, 2),
(920, 109, 77),
(921, 109, 42),
(922, 109, 85),
(923, 109, 19),
(924, 109, 26),
(925, 109, 71),
(926, 109, 53),
(927, 109, 55),
(928, 109, 114),
(929, 109, 119),
(930, 110, 16),
(931, 110, 100),
(932, 110, 32),
(933, 110, 72),
(934, 110, 73),
(935, 110, 79),
(936, 111, 6),
(937, 111, 84),
(938, 111, 91),
(939, 111, 56),
(940, 111, 103),
(941, 111, 104),
(942, 111, 106),
(943, 111, 109),
(944, 111, 35),
(945, 111, 115),
(946, 111, 119),
(947, 111, 122),
(948, 112, 35),
(949, 112, 113),
(950, 112, 90),
(951, 112, 2),
(952, 112, 76),
(953, 112, 120),
(954, 113, 80),
(955, 113, 43),
(956, 113, 45),
(957, 113, 24),
(958, 113, 59),
(959, 113, 65),
(960, 113, 66),
(961, 113, 70),
(962, 113, 71),
(963, 113, 73),
(964, 113, 115),
(965, 113, 76),
(966, 113, 78),
(967, 113, 79),
(968, 114, 59),
(969, 114, 90),
(970, 114, 8),
(971, 114, 60),
(972, 115, 45),
(973, 115, 8),
(974, 115, 50),
(975, 115, 68),
(976, 115, 73),
(977, 115, 35),
(978, 116, 9),
(979, 116, 100),
(980, 116, 105),
(981, 116, 28),
(982, 116, 110),
(983, 116, 71),
(984, 116, 114),
(985, 117, 46),
(986, 117, 73),
(987, 117, 51),
(988, 117, 60),
(989, 117, 59),
(990, 117, 119),
(991, 118, 16),
(992, 118, 57),
(993, 118, 72),
(994, 118, 68),
(995, 118, 91),
(996, 119, 14),
(997, 119, 16),
(998, 119, 52),
(999, 119, 64),
(1000, 119, 28),
(1001, 119, 75),
(1002, 120, 4),
(1003, 120, 8),
(1004, 120, 21),
(1005, 120, 19),
(1006, 120, 57),
(1007, 120, 74),
(1008, 120, 75),
(1009, 121, 45),
(1010, 121, 54),
(1011, 121, 21),
(1012, 121, 59),
(1013, 121, 77),
(1014, 121, 78),
(1015, 122, 30),
(1016, 122, 90),
(1017, 122, 35),
(1018, 122, 44),
(1019, 122, 120),
(1020, 122, 97),
(1021, 122, 101),
(1022, 122, 115);

--
-- Indexes for dumped tables
--

--
-- Indexes for table `categories`
--
ALTER TABLE `categories`
  ADD PRIMARY KEY (`id`);

--
-- Indexes for table `counter_items`
--
ALTER TABLE `counter_items`
  ADD PRIMARY KEY (`id`);

--
-- Indexes for table `counter_reasons`
--
ALTER TABLE `counter_reasons`
  ADD PRIMARY KEY (`id`),
  ADD KEY `counter_reasons_reasonable_type_reasonable_id_index` (`reasonable_type`,`reasonable_id`);

--
-- Indexes for table `failed_jobs`
--
ALTER TABLE `failed_jobs`
  ADD PRIMARY KEY (`id`),
  ADD UNIQUE KEY `failed_jobs_uuid_unique` (`uuid`);

--
-- Indexes for table `heroes`
--
ALTER TABLE `heroes`
  ADD PRIMARY KEY (`id`);

--
-- Indexes for table `hero_positions`
--
ALTER TABLE `hero_positions`
  ADD PRIMARY KEY (`id`);

--
-- Indexes for table `images`
--
ALTER TABLE `images`
  ADD PRIMARY KEY (`id`);

--
-- Indexes for table `items`
--
ALTER TABLE `items`
  ADD PRIMARY KEY (`id`);

--
-- Indexes for table `migrations`
--
ALTER TABLE `migrations`
  ADD PRIMARY KEY (`id`);

--
-- Indexes for table `password_resets`
--
ALTER TABLE `password_resets`
  ADD KEY `password_resets_email_index` (`email`);

--
-- Indexes for table `personal_access_tokens`
--
ALTER TABLE `personal_access_tokens`
  ADD PRIMARY KEY (`id`),
  ADD UNIQUE KEY `personal_access_tokens_token_unique` (`token`),
  ADD KEY `personal_access_tokens_tokenable_type_tokenable_id_index` (`tokenable_type`,`tokenable_id`);

--
-- Indexes for table `positions`
--
ALTER TABLE `positions`
  ADD PRIMARY KEY (`id`);

--
-- Indexes for table `ranks`
--
ALTER TABLE `ranks`
  ADD PRIMARY KEY (`id`);

--
-- Indexes for table `strong_opponents`
--
ALTER TABLE `strong_opponents`
  ADD PRIMARY KEY (`id`);

--
-- Indexes for table `users`
--
ALTER TABLE `users`
  ADD PRIMARY KEY (`id`),
  ADD UNIQUE KEY `users_email_unique` (`email`);

--
-- Indexes for table `weak_opponents`
--
ALTER TABLE `weak_opponents`
  ADD PRIMARY KEY (`id`);

--
-- AUTO_INCREMENT for dumped tables
--

--
-- AUTO_INCREMENT for table `categories`
--
ALTER TABLE `categories`
  MODIFY `id` bigint(20) UNSIGNED NOT NULL AUTO_INCREMENT, AUTO_INCREMENT=4;

--
-- AUTO_INCREMENT for table `counter_items`
--
ALTER TABLE `counter_items`
  MODIFY `id` bigint(20) UNSIGNED NOT NULL AUTO_INCREMENT;

--
-- AUTO_INCREMENT for table `counter_reasons`
--
ALTER TABLE `counter_reasons`
  MODIFY `id` bigint(20) UNSIGNED NOT NULL AUTO_INCREMENT;

--
-- AUTO_INCREMENT for table `failed_jobs`
--
ALTER TABLE `failed_jobs`
  MODIFY `id` bigint(20) UNSIGNED NOT NULL AUTO_INCREMENT;

--
-- AUTO_INCREMENT for table `heroes`
--
ALTER TABLE `heroes`
  MODIFY `id` bigint(20) UNSIGNED NOT NULL AUTO_INCREMENT, AUTO_INCREMENT=124;

--
-- AUTO_INCREMENT for table `hero_positions`
--
ALTER TABLE `hero_positions`
  MODIFY `id` bigint(20) UNSIGNED NOT NULL AUTO_INCREMENT, AUTO_INCREMENT=1094;

--
-- AUTO_INCREMENT for table `images`
--
ALTER TABLE `images`
  MODIFY `id` bigint(20) UNSIGNED NOT NULL AUTO_INCREMENT, AUTO_INCREMENT=124;

--
-- AUTO_INCREMENT for table `items`
--
ALTER TABLE `items`
  MODIFY `id` bigint(20) UNSIGNED NOT NULL AUTO_INCREMENT;

--
-- AUTO_INCREMENT for table `migrations`
--
ALTER TABLE `migrations`
  MODIFY `id` int(10) UNSIGNED NOT NULL AUTO_INCREMENT, AUTO_INCREMENT=16;

--
-- AUTO_INCREMENT for table `personal_access_tokens`
--
ALTER TABLE `personal_access_tokens`
  MODIFY `id` bigint(20) UNSIGNED NOT NULL AUTO_INCREMENT, AUTO_INCREMENT=14;

--
-- AUTO_INCREMENT for table `positions`
--
ALTER TABLE `positions`
  MODIFY `id` bigint(20) UNSIGNED NOT NULL AUTO_INCREMENT, AUTO_INCREMENT=39;

--
-- AUTO_INCREMENT for table `ranks`
--
ALTER TABLE `ranks`
  MODIFY `id` bigint(20) UNSIGNED NOT NULL AUTO_INCREMENT, AUTO_INCREMENT=9;

--
-- AUTO_INCREMENT for table `strong_opponents`
--
ALTER TABLE `strong_opponents`
  MODIFY `id` bigint(20) UNSIGNED NOT NULL AUTO_INCREMENT, AUTO_INCREMENT=1486;

--
-- AUTO_INCREMENT for table `users`
--
ALTER TABLE `users`
  MODIFY `id` bigint(20) UNSIGNED NOT NULL AUTO_INCREMENT, AUTO_INCREMENT=3;

--
-- AUTO_INCREMENT for table `weak_opponents`
--
ALTER TABLE `weak_opponents`
  MODIFY `id` bigint(20) UNSIGNED NOT NULL AUTO_INCREMENT, AUTO_INCREMENT=1023;
COMMIT;

/*!40101 SET CHARACTER_SET_CLIENT=@OLD_CHARACTER_SET_CLIENT */;
/*!40101 SET CHARACTER_SET_RESULTS=@OLD_CHARACTER_SET_RESULTS */;
/*!40101 SET COLLATION_CONNECTION=@OLD_COLLATION_CONNECTION */;
